# format_version="frp.m15.vector.v1"
# frp_version="1.7.0"
# milestone="M15 — Implementation Mapping, Domain Interface, and Qualification Closure Package"
# trace_kind="cell_trace"
# cells=16
# hierarchy_depth=4
# request_lanes=4
# transition_fraction=0.25
# scheduler_mode="7/1"
# fractal_alpha=0.7
# thermal_beta=1.2
# scalar_format="S32Q16"
# unit_format="S32Q30"
# phase_format="PHASE_U32"
# seed=76
# trace_steps=64
# column_definition=["TICK","CELL_ID","STATE_CODE","PHASE_WORD","FREQUENCY_TARGET_Q","FREQUENCY_CURRENT_Q","FREQUENCY_LAG_Q","GENERATED_POWER_Q","HEAT_Q","THERMAL_OVERLOAD_Q","GAMMA_NOISE_STATE_Q","GAMMA_EFFECTIVE_WORD","THERMAL_NODE_FACTOR_Q","COUPLING_FIELD_Q"]
# TICK | CELL_ID | STATE_CODE | PHASE_WORD | FREQUENCY_TARGET_Q | FREQUENCY_CURRENT_Q | FREQUENCY_LAG_Q | GENERATED_POWER_Q | HEAT_Q | THERMAL_OVERLOAD_Q | GAMMA_NOISE_STATE_Q | GAMMA_EFFECTIVE_WORD | THERMAL_NODE_FACTOR_Q | COUPLING_FIELD_Q
00000000 | 0 | 1 | 40D6793E | 77332 | 69075 | 8257 | 3675 | 6952 | 0 | -8106 | 644245094 | 1073741824 | 6303
00000000 | 1 | 3 | CF74DC21 | 77332 | 69075 | 8257 | 3675 | 6952 | 0 | 4169 | 644245094 | 1073741824 | 4371
00000000 | 2 | 1 | 13905DBB | 77332 | 69075 | 8257 | 3675 | 6952 | 0 | 3538 | 644245094 | 1073741824 | 2253
00000000 | 3 | 3 | AF5DC2CB | 69468 | 66716 | 2752 | 168 | 3445 | 0 | -7761 | 644245094 | 1073741824 | 6477
00000000 | 4 | 3 | 97CEC7D0 | 77332 | 69075 | 8257 | 3675 | 6952 | 0 | 4525 | 644245094 | 1073741824 | -3169
00000000 | 5 | 3 | 9B3E71E8 | 69468 | 66716 | 2752 | 168 | 3445 | 0 | -7775 | 644245094 | 1073741824 | -4387
00000000 | 6 | 0 | FB31148C | 65536 | 65536 | 0 | 118 | 3395 | 0 | -9440 | 644245094 | 1073741824 | -4109
00000000 | 7 | 3 | C0544E4C | 69468 | 66716 | 2752 | 168 | 3445 | 0 | 5952 | 644245094 | 1073741824 | -710
00000000 | 8 | 0 | 58321200 | 65536 | 65536 | 0 | 118 | 3395 | 0 | 7881 | 644245094 | 1073741824 | 1032
00000000 | 9 | 0 | 7405B1B2 | 65536 | 65536 | 0 | 118 | 3395 | 0 | -11 | 644245094 | 1073741824 | -5580
00000000 | 10 | 0 | 17B69A1F | 65536 | 65536 | 0 | 118 | 3395 | 0 | 9200 | 644245094 | 1073741824 | 7764
00000000 | 11 | 0 | A5EE77B6 | 65536 | 65536 | 0 | 118 | 3395 | 0 | 1948 | 644245094 | 1073741824 | 3749
00000000 | 12 | 3 | 6A5B68E7 | 69468 | 66716 | 2752 | 168 | 3445 | 0 | 7508 | 644245094 | 1073741824 | 1107
00000000 | 13 | 3 | 2169C748 | 69468 | 66716 | 2752 | 168 | 3445 | 0 | -1079 | 644245094 | 1073741824 | 8449
00000000 | 14 | 0 | A4249531 | 65536 | 65536 | 0 | 118 | 3395 | 0 | -1237 | 644245094 | 1073741824 | -1457
00000000 | 15 | 0 | C29CACDB | 65536 | 65536 | 0 | 118 | 3395 | 0 | 8405 | 644245094 | 1073741824 | -5810
00000001 | 0 | 1 | 47A1E0C3 | 69468 | 69193 | 275 | 123 | 6772 | 0 | -14996 | 644245094 | 1073741824 | 6581
00000001 | 1 | 3 | D4DC64D0 | 69468 | 69193 | 275 | 123 | 6772 | 0 | 7713 | 644245094 | 1073741824 | 4345
00000001 | 2 | 1 | 17954D87 | 69468 | 69193 | 275 | 123 | 6722 | 0 | 6545 | 644245094 | 1073741824 | 2117
00000001 | 3 | 3 | B5DD3F96 | 69468 | 67542 | 1926 | 153 | 3683 | 0 | -14358 | 644245094 | 1073741824 | 6203
00000001 | 4 | 3 | 988108B8 | 69468 | 69193 | 275 | 123 | 6702 | 0 | 8371 | 644245094 | 1073741824 | -3228
00000001 | 5 | 3 | 9B463E59 | 69468 | 67542 | 1926 | 153 | 3663 | 0 | -14384 | 644245094 | 1073741824 | -4200
00000001 | 6 | 0 | FB0D4539 | 65536 | 65536 | 0 | 118 | 3534 | 0 | -17465 | 644245094 | 1073741824 | -4354
00000001 | 7 | 3 | C2643909 | 69468 | 67542 | 1926 | 153 | 3612 | 0 | 11012 | 644245094 | 1073741824 | -932
00000001 | 8 | 1 | 5AEF4E97 | 77332 | 69075 | 8257 | 3675 | 7069 | 0 | 14579 | 644245094 | 1073741824 | 65
00000001 | 9 | 0 | 72EF2C48 | 65536 | 65536 | 0 | 118 | 3512 | 0 | -20 | 644245094 | 1073741824 | -5879
00000001 | 10 | 1 | 1F8EFA6F | 77332 | 69075 | 8257 | 3675 | 7069 | 0 | 17020 | 644245094 | 1073741824 | 8278
00000001 | 11 | 3 | AAE7120F | 77332 | 69075 | 8257 | 3675 | 7069 | 0 | 3604 | 644245094 | 1073741824 | 3655
00000001 | 12 | 0 | 6D0DD2EC | 73400 | 68721 | 4679 | 3610 | 7048 | 0 | 13889 | 644245094 | 1073741824 | 18
00000001 | 13 | 3 | 2976AD01 | 69468 | 67542 | 1926 | 153 | 3591 | 0 | -1996 | 644245094 | 1073741824 | 8700
00000001 | 14 | 0 | A55E1E36 | 65536 | 65536 | 0 | 118 | 3512 | 0 | -2289 | 644245094 | 1073741824 | -2159
00000001 | 15 | 0 | C17BF7D9 | 65536 | 65536 | 0 | 118 | 3512 | 0 | 15549 | 644245094 | 1073741824 | -5943
00000002 | 0 | 1 | 4E9723DD | 69468 | 69276 | 192 | 121 | 6613 | 0 | -20853 | 644245094 | 1073741824 | 6839
00000002 | 1 | 3 | DA450AB4 | 69468 | 69276 | 192 | 121 | 6613 | 0 | 10725 | 644245094 | 1073741824 | 4347
00000002 | 2 | 1 | 1B872416 | 69468 | 69276 | 192 | 121 | 6525 | 0 | 9101 | 644245094 | 1073741824 | 1992
00000002 | 3 | 3 | BC39E184 | 69468 | 68120 | 1348 | 142 | 3886 | 0 | -19966 | 644245094 | 1073741824 | 5949
00000002 | 4 | 3 | 992B5471 | 69468 | 69276 | 192 | 121 | 6488 | 0 | 11640 | 644245094 | 1073741824 | -3283
00000002 | 5 | 3 | 9B6A0DAC | 69468 | 68120 | 1348 | 142 | 3850 | 0 | -20002 | 644245094 | 1073741824 | -4059
00000002 | 6 | 0 | FAC24EF5 | 65536 | 65536 | 0 | 118 | 3667 | 0 | -24286 | 644245094 | 1073741824 | -4600
00000002 | 7 | 3 | C4544F0A | 69468 | 68120 | 1348 | 142 | 3759 | 0 | 15313 | 644245094 | 1073741824 | -1167
00000002 | 8 | 1 | 5D1B64F5 | 69468 | 69193 | 275 | 123 | 6835 | 0 | 20273 | 644245094 | 1073741824 | -854
00000002 | 9 | 0 | 71ACE25C | 65536 | 65536 | 0 | 118 | 3718 | 0 | -28 | 644245094 | 1073741824 | -6154
00000002 | 10 | 1 | 27A6613D | 69468 | 69193 | 275 | 123 | 6887 | 0 | 23667 | 644245094 | 1073741824 | 8667
00000002 | 11 | 3 | AFD73CFE | 69468 | 69193 | 275 | 123 | 6887 | 0 | 5012 | 644245094 | 1073741824 | 3595
00000002 | 12 | 1 | 6F1D6C2C | 77332 | 71304 | 6028 | 3635 | 10311 | 0 | 19313 | 644245094 | 1073741824 | -1160
00000002 | 13 | 0 | 31937D18 | 73400 | 69299 | 4101 | 3600 | 7251 | 0 | -2775 | 644245094 | 1073741824 | 8694
00000002 | 14 | 3 | A649AAD6 | 77332 | 69075 | 8257 | 3675 | 7204 | 0 | -3183 | 644245094 | 1073741824 | -2861
00000002 | 15 | 3 | C060D4DE | 77332 | 69075 | 8257 | 3675 | 7204 | 0 | 21621 | 644245094 | 1073741824 | -6120
00000003 | 0 | 1 | 55B1537F | 69468 | 69334 | 134 | 120 | 6474 | 0 | -25831 | 644245094 | 1073741824 | 7067
00000003 | 1 | 3 | DFB0B6B9 | 69468 | 69334 | 134 | 120 | 6474 | 0 | 13285 | 644245094 | 1073741824 | 4362
00000003 | 2 | 1 | 1F68960C | 69468 | 69334 | 134 | 120 | 6356 | 0 | 11274 | 644245094 | 1073741824 | 1885
00000003 | 3 | 3 | C27568C3 | 69468 | 68524 | 944 | 135 | 4062 | 0 | -24732 | 644245094 | 1073741824 | 5717
00000003 | 4 | 3 | 99CD30C0 | 69468 | 69334 | 134 | 120 | 6307 | 0 | 14419 | 644245094 | 1073741824 | -3340
00000003 | 5 | 3 | 9BA001C6 | 69468 | 68524 | 944 | 135 | 4013 | 0 | -24777 | 644245094 | 1073741824 | -3969
00000003 | 6 | 0 | FA51C930 | 65536 | 65536 | 0 | 118 | 3794 | 0 | -30084 | 644245094 | 1073741824 | -4836
00000003 | 7 | 3 | C61EFE48 | 69468 | 68524 | 944 | 135 | 3892 | 0 | 18969 | 644245094 | 1073741824 | -1426
00000003 | 8 | 1 | 5EC38AD3 | 69468 | 69276 | 192 | 121 | 6645 | 0 | 25113 | 644245094 | 1073741824 | -1688
00000003 | 9 | 1 | 7067BB0D | 77332 | 69075 | 8257 | 3675 | 7470 | 0 | -35 | 644245094 | 1073741824 | -6384
00000003 | 10 | 1 | 2FDEE2BA | 69468 | 69276 | 192 | 121 | 6737 | 0 | 29317 | 644245094 | 1073741824 | 8870
00000003 | 11 | 3 | B4C71670 | 69468 | 69276 | 192 | 121 | 6737 | 0 | 6209 | 644245094 | 1073741824 | 3588
00000003 | 12 | 1 | 706CEBD2 | 69468 | 70753 | 1285 | 141 | 9830 | 0 | 23924 | 644245094 | 1073741824 | -2334
00000003 | 13 | 1 | 398F5B3F | 77332 | 71709 | 5623 | 3627 | 10637 | 0 | -3438 | 644245094 | 1073741824 | 8343
00000003 | 14 | 3 | A6C8AC48 | 69468 | 69193 | 275 | 123 | 7046 | 0 | -3943 | 644245094 | 1073741824 | -3550
00000003 | 15 | 3 | BF202262 | 69468 | 69193 | 275 | 123 | 7046 | 0 | 26783 | 644245094 | 1073741824 | -6363
00000004 | 0 | 1 | 5CEA11EA | 69468 | 69374 | 94 | 120 | 6351 | 0 | -30062 | 644245094 | 1073741824 | 7257
00000004 | 1 | 3 | E52151CC | 69468 | 69374 | 94 | 120 | 6351 | 0 | 15461 | 644245094 | 1073741824 | 4391
00000004 | 2 | 1 | 23385D76 | 69468 | 69374 | 94 | 120 | 6210 | 0 | 13121 | 644245094 | 1073741824 | 1772
00000004 | 3 | 3 | C89289F8 | 69468 | 68807 | 661 | 130 | 4213 | 0 | -28783 | 644245094 | 1073741824 | 5509
00000004 | 4 | 3 | 9A63C042 | 69468 | 69374 | 94 | 120 | 6152 | 0 | 16781 | 644245094 | 1073741824 | -3413
00000004 | 5 | 3 | 9BE09FB4 | 69468 | 68807 | 661 | 130 | 4153 | 0 | -28836 | 644245094 | 1073741824 | -3919
00000004 | 6 | 0 | F9BCD11E | 65536 | 65536 | 0 | 118 | 3912 | 0 | -35012 | 644245094 | 1073741824 | -5065
00000004 | 7 | 3 | C7C1921F | 69468 | 68807 | 661 | 130 | 4010 | 0 | 22076 | 644245094 | 1073741824 | -1695
00000004 | 8 | 1 | 5FFCEB1A | 69468 | 69334 | 134 | 120 | 6545 | 0 | 29227 | 644245094 | 1073741824 | -2388
00000004 | 9 | 1 | 6F078552 | 69468 | 69193 | 275 | 123 | 7270 | 0 | -41 | 644245094 | 1073741824 | -6561
00000004 | 10 | 1 | 38127529 | 69468 | 69334 | 134 | 120 | 6617 | 0 | 34120 | 644245094 | 1073741824 | 8835
00000004 | 11 | 3 | B9BA703F | 69468 | 69334 | 134 | 120 | 6617 | 0 | 7226 | 644245094 | 1073741824 | 3606
00000004 | 12 | 1 | 71089320 | 69468 | 70367 | 899 | 134 | 9458 | 0 | 27843 | 644245094 | 1073741824 | -3441
00000004 | 13 | 1 | 41114FC0 | 69468 | 71037 | 1569 | 146 | 10176 | 0 | -4001 | 644245094 | 1073741824 | 7617
00000004 | 14 | 3 | A6D910E1 | 69468 | 69276 | 192 | 121 | 6916 | 0 | -4589 | 644245094 | 1073741824 | -4250
00000004 | 15 | 3 | BDACFC28 | 69468 | 69276 | 192 | 121 | 6916 | 0 | 31170 | 644245094 | 1073741824 | -6685
00000005 | 0 | 1 | 6438C6F5 | 69468 | 69402 | 66 | 119 | 6236 | 0 | -33659 | 644245094 | 1073741824 | 7393
00000005 | 1 | 3 | EAAEE437 | 77332 | 71761 | 5571 | 3626 | 9743 | 0 | 17311 | 644245094 | 1073741824 | 4430
00000005 | 2 | 1 | 26F60019 | 69468 | 69402 | 66 | 119 | 6080 | 0 | 14691 | 644245094 | 1073741824 | 1656
00000005 | 3 | 3 | CE953FBA | 69468 | 69005 | 463 | 126 | 4340 | 0 | -32227 | 644245094 | 1073741824 | 5331
00000005 | 4 | 3 | 9AEFA5F1 | 69468 | 69402 | 66 | 119 | 6015 | 0 | 18789 | 644245094 | 1073741824 | -3482
00000005 | 5 | 3 | 9C262CAF | 69468 | 69005 | 463 | 126 | 4271 | 0 | -32286 | 644245094 | 1073741824 | -3900
00000005 | 6 | 0 | F9038F7E | 65536 | 65536 | 0 | 118 | 4019 | 0 | -39201 | 644245094 | 1073741824 | -5293
00000005 | 7 | 3 | C93A731F | 69468 | 69005 | 463 | 126 | 4113 | 0 | 24717 | 644245094 | 1073741824 | -1969
00000005 | 8 | 1 | 60DB4201 | 69468 | 69374 | 94 | 120 | 6450 | 0 | 32724 | 644245094 | 1073741824 | -2962
00000005 | 9 | 1 | 6D9859AF | 69468 | 69276 | 192 | 121 | 7085 | 0 | -46 | 644245094 | 1073741824 | -6660
00000005 | 10 | 1 | 401A1A58 | 69468 | 69374 | 94 | 120 | 6504 | 0 | 38203 | 644245094 | 1073741824 | 8557
00000005 | 11 | 3 | BEBB7A02 | 69468 | 69374 | 94 | 120 | 6504 | 0 | 8090 | 644245094 | 1073741824 | 3690
00000005 | 12 | 1 | 710CDF34 | 69468 | 70097 | 629 | 129 | 9110 | 0 | 31174 | 644245094 | 1073741824 | -4376
00000005 | 13 | 1 | 47E92147 | 69468 | 70566 | 1098 | 138 | 9747 | 0 | -4480 | 644245094 | 1073741824 | 6576
00000005 | 14 | 3 | A67B015F | 69468 | 69334 | 134 | 120 | 6792 | 0 | -5138 | 644245094 | 1073741824 | -4948
00000005 | 15 | 3 | BBFB20ED | 69468 | 69334 | 134 | 120 | 6792 | 0 | 34899 | 644245094 | 1073741824 | -7083
00000006 | 0 | 1 | 6B94B1BA | 69468 | 69422 | 46 | 119 | 6197 | 0 | -36716 | 644245094 | 1073741824 | 7475
00000006 | 1 | 3 | F03E884D | 69468 | 71073 | 1605 | 147 | 9293 | 0 | 18883 | 644245094 | 1073741824 | 4484
00000006 | 2 | 1 | 2A9F9508 | 69468 | 69422 | 46 | 119 | 5979 | 0 | 16025 | 644245094 | 1073741824 | 1529
00000006 | 3 | 3 | D4831C10 | 69468 | 69144 | 324 | 124 | 4462 | 0 | -35154 | 644245094 | 1073741824 | 5192
00000006 | 4 | 3 | 9B703ED3 | 69468 | 69422 | 46 | 119 | 5898 | 0 | 20496 | 644245094 | 1073741824 | -3554
00000006 | 5 | 3 | 9C6E4590 | 69468 | 69144 | 324 | 124 | 4377 | 0 | -35219 | 644245094 | 1073741824 | -3892
00000006 | 6 | 0 | F824959E | 65536 | 65536 | 0 | 118 | 4119 | 0 | -42762 | 644245094 | 1073741824 | -5530
00000006 | 7 | 3 | CA873E20 | 69468 | 69144 | 324 | 124 | 4207 | 0 | 26962 | 644245094 | 1073741824 | -2254
00000006 | 8 | 1 | 616FE896 | 69468 | 69402 | 66 | 119 | 6359 | 0 | 35696 | 644245094 | 1073741824 | -3427
00000006 | 9 | 1 | 6C28B3D1 | 69468 | 69334 | 134 | 120 | 6916 | 0 | -50 | 644245094 | 1073741824 | -6667
00000006 | 10 | 1 | 47D1DA35 | 69468 | 69402 | 66 | 119 | 6399 | 0 | 41673 | 644245094 | 1073741824 | 8053
00000006 | 11 | 3 | C3D85DEA | 69468 | 69402 | 66 | 119 | 6399 | 0 | 8825 | 644245094 | 1073741824 | 3863
00000006 | 12 | 1 | 70A0A583 | 69468 | 69908 | 440 | 126 | 8787 | 0 | 34006 | 644245094 | 1073741824 | -5071
00000006 | 13 | 1 | 4DF28645 | 69468 | 70237 | 769 | 132 | 9351 | 0 | -4887 | 644245094 | 1073741824 | 5299
00000006 | 14 | 3 | A5B40FCA | 69468 | 69374 | 94 | 120 | 6677 | 0 | -5605 | 644245094 | 1073741824 | -5609
00000006 | 15 | 3 | BA010412 | 69468 | 69374 | 94 | 120 | 6677 | 0 | 38069 | 644245094 | 1073741824 | -7539
00000007 | 0 | 1 | 733D0174 | 69468 | 69436 | 32 | 119 | 6152 | 0 | -39315 | 644245094 | 1073741824 | 7496
00000007 | 1 | 3 | F61C7A45 | 69468 | 70591 | 1123 | 138 | 8881 | 0 | 20220 | 644245094 | 1073741824 | 4547
00000007 | 2 | 1 | 2E7A0645 | 69468 | 69436 | 32 | 119 | 5889 | 0 | 17159 | 644245094 | 1073741824 | 1377
00000007 | 3 | 3 | DAA8D56D | 69468 | 69241 | 227 | 122 | 4564 | 0 | -37642 | 644245094 | 1073741824 | 5079
00000007 | 4 | 3 | 9C2EC0FE | 69468 | 69436 | 32 | 119 | 5795 | 0 | 21947 | 644245094 | 1073741824 | -3624
00000007 | 5 | 3 | 9CFEA011 | 69468 | 69241 | 227 | 122 | 4467 | 0 | -37712 | 644245094 | 1073741824 | -3902
00000007 | 6 | 0 | F7694253 | 65536 | 65536 | 0 | 118 | 4209 | 0 | -45788 | 644245094 | 1073741824 | -5764
00000007 | 7 | 3 | CBEEEECF | 69468 | 69241 | 227 | 122 | 4291 | 0 | 28870 | 644245094 | 1073741824 | -2549
00000007 | 8 | 1 | 62166276 | 69468 | 69422 | 46 | 119 | 6273 | 0 | 38222 | 644245094 | 1073741824 | -3774
00000007 | 9 | 1 | 6B0F2846 | 69468 | 69374 | 94 | 120 | 6762 | 0 | -53 | 644245094 | 1073741824 | -6586
00000007 | 10 | 1 | 4F6484CC | 69468 | 69422 | 46 | 119 | 6301 | 0 | 44623 | 644245094 | 1073741824 | 7361
00000007 | 11 | 3 | C96BFC98 | 69468 | 69422 | 46 | 119 | 6301 | 0 | 9450 | 644245094 | 1073741824 | 4150
00000007 | 12 | 1 | 7033F197 | 69468 | 69776 | 308 | 124 | 8488 | 0 | 36413 | 644245094 | 1073741824 | -5524
00000007 | 13 | 1 | 53692D9A | 69468 | 70006 | 538 | 128 | 8986 | 0 | -5233 | 644245094 | 1073741824 | 3933
00000007 | 14 | 3 | A4D2DB81 | 69468 | 69402 | 66 | 119 | 6568 | 0 | -6002 | 644245094 | 1073741824 | -6234
00000007 | 15 | 3 | B801F829 | 69468 | 69402 | 66 | 119 | 6568 | 0 | 40763 | 644245094 | 1073741824 | -8030
00000008 | 0 | 0 | 7AA4DBFF | 73400 | 70625 | 2775 | 3576 | 9562 | 0 | -32059 | 644245094 | 1073741824 | 7478
00000008 | 1 | 0 | FBC3AC6B | 73400 | 71434 | 1966 | 3561 | 11935 | 0 | 16702 | 644245094 | 1073741824 | 4610
00000008 | 2 | 1 | 31ED7E5B | 69468 | 69446 | 22 | 118 | 5807 | 0 | 22128 | 644245094 | 1073741824 | 1187
00000008 | 3 | 3 | E0784BB9 | 69468 | 69309 | 159 | 121 | 4651 | 0 | -27071 | 644245094 | 1073741824 | 4991
00000008 | 4 | 3 | 9C99B4BC | 69468 | 69446 | 22 | 118 | 5703 | 0 | 24114 | 644245094 | 1073741824 | -3692
00000008 | 5 | 3 | 9D44A747 | 69468 | 69309 | 159 | 121 | 4544 | 0 | -34794 | 644245094 | 1073741824 | -3915
00000008 | 6 | 0 | F63FA3AB | 65536 | 65536 | 0 | 118 | 4290 | 0 | -30126 | 644245094 | 1073741824 | -5999
00000008 | 7 | 3 | CCE0D92E | 69468 | 69309 | 159 | 121 | 4365 | 0 | 25720 | 644245094 | 1073741824 | -2835
00000008 | 8 | 1 | 624B395C | 69468 | 69436 | 32 | 119 | 6191 | 0 | 26245 | 644245094 | 1073741824 | -4031
00000008 | 9 | 1 | 69C3003E | 69468 | 69402 | 66 | 119 | 6619 | 0 | 1679 | 644245094 | 1073741824 | -6448
00000008 | 10 | 1 | 562CBD71 | 69468 | 69436 | 32 | 119 | 6210 | 0 | 39314 | 644245094 | 1073741824 | 6546
00000008 | 11 | 3 | CEFE5553 | 69468 | 69436 | 32 | 119 | 6210 | 0 | 860 | 644245094 | 1073741824 | 4599
00000008 | 12 | 1 | 6F566668 | 69468 | 69684 | 216 | 122 | 8211 | 0 | 23570 | 644245094 | 1073741824 | -5770
00000008 | 13 | 1 | 57BD0E42 | 69468 | 69845 | 377 | 125 | 8649 | 0 | -2297 | 644245094 | 1073741824 | 2573
00000008 | 14 | 3 | A34D67C1 | 69468 | 69422 | 46 | 119 | 6465 | 0 | -3148 | 644245094 | 1073741824 | -6809
00000008 | 15 | 3 | B56AEE0D | 69468 | 69422 | 46 | 119 | 6465 | 0 | 26641 | 644245094 | 1073741824 | -8528
00000009 | 0 | 0 | 81F4FFBC | 65536 | 69098 | 3562 | 182 | 9271 | 0 | -25891 | 644245094 | 1073741824 | 7420
00000009 | 1 | 0 | 0164A991 | 65536 | 69665 | 4129 | 192 | 11358 | 0 | 13711 | 644245094 | 1073741824 | 4677
00000009 | 2 | 1 | 353AECB5 | 69468 | 69453 | 15 | 118 | 5761 | 0 | 26352 | 644245094 | 1073741824 | 948
00000009 | 3 | 3 | E63E0CA8 | 69468 | 69357 | 111 | 120 | 4752 | 0 | -18085 | 644245094 | 1073741824 | 4927
00000009 | 4 | 3 | 9CFC8A8D | 69468 | 69453 | 15 | 118 | 5631 | 0 | 25956 | 644245094 | 1073741824 | -3743
00000009 | 5 | 3 | 9D882297 | 69468 | 69357 | 111 | 120 | 4618 | 0 | -32314 | 644245094 | 1073741824 | -3934
00000009 | 6 | 0 | F4EF584E | 65536 | 65536 | 0 | 118 | 4371 | 0 | -16813 | 644245094 | 1073741824 | -6242
00000009 | 7 | 3 | CDA5E1D6 | 69468 | 69357 | 111 | 120 | 4438 | 0 | 23042 | 644245094 | 1073741824 | -3120
00000009 | 8 | 1 | 62608D03 | 69468 | 69446 | 22 | 118 | 6116 | 0 | 16065 | 644245094 | 1073741824 | -4230
00000009 | 9 | 1 | 689260DE | 69468 | 69422 | 46 | 119 | 6491 | 0 | 3151 | 644245094 | 1073741824 | -6276
00000009 | 10 | 1 | 5C693926 | 69468 | 69446 | 22 | 118 | 6126 | 0 | 34801 | 644245094 | 1073741824 | 5667
00000009 | 11 | 3 | D4F755B8 | 69468 | 69446 | 22 | 118 | 6126 | 0 | -6441 | 644245094 | 1073741824 | 5243
00000009 | 12 | 1 | 6E67FC65 | 69468 | 69619 | 151 | 121 | 7958 | 0 | 12653 | 644245094 | 1073741824 | -5872
00000009 | 13 | 1 | 5B4376D7 | 69468 | 69732 | 264 | 123 | 8343 | 0 | 198 | 644245094 | 1073741824 | 1289
00000009 | 14 | 3 | A175088E | 69468 | 69436 | 32 | 119 | 6371 | 0 | -722 | 644245094 | 1073741824 | -7331
00000009 | 15 | 3 | B286DC02 | 69468 | 69436 | 32 | 119 | 6371 | 0 | 14637 | 644245094 | 1073741824 | -9013
00000010 | 0 | 0 | 892F041A | 65536 | 68029 | 2493 | 163 | 8981 | 0 | -20648 | 644245094 | 1073741824 | 7345
00000010 | 1 | 0 | 0702F212 | 65536 | 68426 | 2890 | 170 | 10814 | 0 | 11169 | 644245094 | 1073741824 | 4735
00000010 | 2 | 1 | 385A3365 | 69468 | 69458 | 10 | 118 | 5719 | 0 | 29943 | 644245094 | 1073741824 | 658
00000010 | 3 | 3 | EBFCF59D | 69468 | 69390 | 78 | 119 | 4836 | 0 | -10447 | 644245094 | 1073741824 | 4882
00000010 | 4 | 3 | 9D5719B2 | 69468 | 69458 | 10 | 118 | 5567 | 0 | 27522 | 644245094 | 1073741824 | -3795
00000010 | 5 | 3 | 9DC9637E | 69468 | 69390 | 78 | 119 | 4681 | 0 | -30206 | 644245094 | 1073741824 | -3950
00000010 | 6 | 0 | F3792BF2 | 65536 | 65536 | 0 | 118 | 4443 | 0 | -5497 | 644245094 | 1073741824 | -6480
00000010 | 7 | 3 | CE404331 | 69468 | 69390 | 78 | 119 | 4503 | 0 | 20766 | 644245094 | 1073741824 | -3390
00000010 | 8 | 1 | 6259B509 | 69468 | 69453 | 15 | 118 | 6044 | 0 | 7412 | 644245094 | 1073741824 | -4407
00000010 | 9 | 1 | 677A9581 | 69468 | 69436 | 32 | 119 | 6373 | 0 | 4402 | 644245094 | 1073741824 | -6121
00000010 | 10 | 1 | 622C1CB2 | 77332 | 71812 | 5520 | 3625 | 9555 | 0 | 30965 | 644245094 | 1073741824 | 4761
00000010 | 11 | 3 | DB7AA45C | 69468 | 69453 | 15 | 118 | 6048 | 0 | -12647 | 644245094 | 1073741824 | 6112
00000010 | 12 | 1 | 6D7597CB | 69468 | 69574 | 106 | 120 | 7724 | 0 | 3374 | 644245094 | 1073741824 | -5894
00000010 | 13 | 1 | 5E23DFC8 | 77332 | 72012 | 5320 | 3622 | 11562 | 0 | 2319 | 644245094 | 1073741824 | 109
00000010 | 14 | 3 | 9F5321C8 | 69468 | 69446 | 22 | 118 | 6281 | 0 | 1340 | 644245094 | 1073741824 | -7794
00000010 | 15 | 3 | AF5BA58C | 69468 | 69446 | 22 | 118 | 6281 | 0 | 4434 | 644245094 | 1073741824 | -9461
00000011 | 0 | 0 | 90548089 | 65536 | 67281 | 1745 | 149 | 8701 | 0 | -16192 | 644245094 | 1073741824 | 7261
00000011 | 1 | 0 | 0CA16352 | 65536 | 67559 | 2023 | 154 | 10310 | 0 | 9008 | 644245094 | 1073741824 | 4788
00000011 | 2 | 1 | 3B40A898 | 69468 | 69461 | 7 | 118 | 5682 | 0 | 32995 | 644245094 | 1073741824 | 301
00000011 | 3 | 3 | F1B5A991 | 69468 | 69413 | 55 | 119 | 4910 | 0 | -3955 | 644245094 | 1073741824 | 4841
00000011 | 4 | 3 | 9DA9396D | 69468 | 69461 | 7 | 118 | 5513 | 0 | 28853 | 644245094 | 1073741824 | -3848
00000011 | 5 | 3 | 9E08187F | 69468 | 69413 | 55 | 119 | 4739 | 0 | -28414 | 644245094 | 1073741824 | -3968
00000011 | 6 | 0 | F1E09EF5 | 65536 | 65536 | 0 | 118 | 4511 | 0 | 4122 | 644245094 | 1073741824 | -6696
00000011 | 7 | 3 | CEB1BD6D | 69468 | 69413 | 55 | 119 | 4563 | 0 | 18831 | 644245094 | 1073741824 | -3649
00000011 | 8 | 1 | 62363733 | 69468 | 69458 | 10 | 118 | 5994 | 0 | 57 | 644245094 | 1073741824 | -4587
00000011 | 9 | 1 | 667474B0 | 69468 | 69446 | 22 | 118 | 6283 | 0 | 5466 | 644245094 | 1073741824 | -6011
00000011 | 10 | 1 | 67544D66 | 69468 | 71109 | 1641 | 148 | 9144 | 0 | 27705 | 644245094 | 1073741824 | 3832
00000011 | 11 | 3 | E2AD5685 | 69468 | 69458 | 10 | 118 | 6044 | 0 | -17922 | 644245094 | 1073741824 | 7214
00000011 | 12 | 1 | 6C829037 | 69468 | 69542 | 74 | 119 | 7576 | 0 | -4513 | 644245094 | 1073741824 | -5896
00000011 | 13 | 1 | 6051DF12 | 69468 | 71249 | 1781 | 150 | 10965 | 0 | 4122 | 644245094 | 1073741824 | -966
00000011 | 14 | 3 | 9CF07456 | 69468 | 69453 | 15 | 118 | 6214 | 0 | 3093 | 644245094 | 1073741824 | -8201
00000011 | 15 | 3 | ABEF56ED | 69468 | 69453 | 15 | 118 | 6214 | 0 | -4239 | 644245094 | 1073741824 | -9870
00000012 | 0 | 3 | 978B2D49 | 77332 | 70296 | 7036 | 3653 | 11945 | 0 | -12404 | 644245094 | 1073741824 | 7188
00000012 | 1 | 0 | 123F8315 | 65536 | 66952 | 1416 | 143 | 9843 | 0 | 7171 | 644245094 | 1073741824 | 4822
00000012 | 2 | 1 | 3DE350FE | 69468 | 69463 | 5 | 118 | 5646 | 0 | 35589 | 644245094 | 1073741824 | -126
00000012 | 3 | 3 | F767858B | 69468 | 69430 | 38 | 119 | 4971 | 0 | 1564 | 644245094 | 1073741824 | 4797
00000012 | 4 | 3 | 9DF406F3 | 69468 | 69463 | 5 | 118 | 5465 | 0 | 29984 | 644245094 | 1073741824 | -3895
00000012 | 5 | 3 | 9E42816C | 69468 | 69430 | 38 | 119 | 4789 | 0 | -26891 | 644245094 | 1073741824 | -3996
00000012 | 6 | 3 | F04AEF5B | 77332 | 69075 | 8257 | 3675 | 8128 | 0 | 12298 | 644245094 | 1073741824 | -6890
00000012 | 7 | 3 | CEFD7F69 | 69468 | 69430 | 38 | 119 | 4617 | 0 | 17186 | 644245094 | 1073741824 | -3887
00000012 | 8 | 1 | 61EE988D | 69468 | 69461 | 7 | 118 | 5945 | 0 | -6195 | 644245094 | 1073741824 | -4814
00000012 | 9 | 1 | 657182BE | 69468 | 69453 | 15 | 118 | 6198 | 0 | 6370 | 644245094 | 1073741824 | -5991
00000012 | 10 | 1 | 6BE00B14 | 69468 | 70617 | 1149 | 139 | 8765 | 0 | 24934 | 644245094 | 1073741824 | 2878
00000012 | 11 | 3 | EAB575EF | 69468 | 69461 | 7 | 118 | 6031 | 0 | -22406 | 644245094 | 1073741824 | 8555
00000012 | 12 | 1 | 6B8A70D7 | 69468 | 69520 | 52 | 119 | 7431 | 0 | -11217 | 644245094 | 1073741824 | -5927
00000012 | 13 | 1 | 61E08DF4 | 69468 | 70715 | 1247 | 140 | 10418 | 0 | 5654 | 644245094 | 1073741824 | -1935
00000012 | 14 | 3 | 9A53AF74 | 69468 | 69458 | 10 | 118 | 6149 | 0 | 4583 | 644245094 | 1073741824 | -8566
00000012 | 15 | 3 | A84BA582 | 69468 | 69458 | 10 | 118 | 6149 | 0 | -11611 | 644245094 | 1073741824 | -10218
00000013 | 0 | 3 | 9EBD13BA | 69468 | 70048 | 580 | 128 | 11314 | 0 | -9184 | 644245094 | 1073741824 | 7173
00000013 | 1 | 1 | 17F85FC7 | 77332 | 70066 | 7266 | 3657 | 13004 | 0 | 5610 | 644245094 | 1073741824 | 4803
00000013 | 2 | 1 | 4035C295 | 69468 | 69465 | 3 | 118 | 5631 | 0 | 37794 | 644245094 | 1073741824 | -630
00000013 | 3 | 0 | FD18BE8B | 73400 | 70621 | 2779 | 3576 | 8498 | 0 | 6255 | 644245094 | 1073741824 | 4722
00000013 | 4 | 3 | 9E37D3C0 | 69468 | 69465 | 3 | 118 | 5441 | 0 | 30946 | 644245094 | 1073741824 | -3939
00000013 | 5 | 3 | 9E787586 | 69468 | 69441 | 27 | 118 | 4849 | 0 | -25596 | 644245094 | 1073741824 | -4024
00000013 | 6 | 3 | EEA014D8 | 69468 | 69193 | 275 | 123 | 7811 | 0 | 19248 | 644245094 | 1073741824 | -7030
00000013 | 7 | 3 | CF2C72CB | 69468 | 69441 | 27 | 118 | 4734 | 0 | 15788 | 644245094 | 1073741824 | -4068
00000013 | 8 | 1 | 6174AEE7 | 69468 | 69463 | 5 | 118 | 5900 | 0 | -11509 | 644245094 | 1073741824 | -5131
00000013 | 9 | 1 | 645EA66F | 69468 | 69458 | 10 | 118 | 6121 | 0 | 7139 | 644245094 | 1073741824 | -6091
00000013 | 10 | 1 | 6FC70F11 | 69468 | 70272 | 804 | 132 | 8420 | 0 | 22578 | 644245094 | 1073741824 | 1864
00000013 | 11 | 3 | F3B25D1B | 69468 | 69463 | 5 | 118 | 6013 | 0 | -26217 | 644245094 | 1073741824 | 10092
00000013 | 12 | 1 | 6A82B896 | 69468 | 69504 | 36 | 119 | 7293 | 0 | -16916 | 644245094 | 1073741824 | -6024
00000013 | 13 | 1 | 62DF0B13 | 69468 | 70341 | 873 | 134 | 9922 | 0 | 6957 | 644245094 | 1073741824 | -2818
00000013 | 14 | 3 | 978330E1 | 69468 | 69461 | 7 | 118 | 6090 | 0 | 5849 | 644245094 | 1073741824 | -8891
00000013 | 15 | 3 | A47900B6 | 69468 | 69461 | 7 | 118 | 6090 | 0 | -17877 | 644245094 | 1073741824 | -10513
00000014 | 0 | 3 | A5F27A87 | 69468 | 69874 | 406 | 125 | 10819 | 0 | -6447 | 644245094 | 1073741824 | 7206
00000014 | 1 | 1 | 1DA70CE1 | 69468 | 69887 | 419 | 126 | 12299 | 0 | 4283 | 644245094 | 1073741824 | 4750
00000014 | 2 | 1 | 422A7627 | 69468 | 69466 | 2 | 118 | 5692 | 0 | 39668 | 644245094 | 1073741824 | -1219
00000014 | 3 | 0 | 02A88B60 | 65536 | 69095 | 3559 | 182 | 8264 | 0 | 10242 | 644245094 | 1073741824 | 4603
00000014 | 4 | 3 | 9E72DFA6 | 69468 | 69466 | 2 | 118 | 5426 | 0 | 31763 | 644245094 | 1073741824 | -3994
00000014 | 5 | 3 | 9EA8AEDB | 69468 | 69449 | 19 | 118 | 4909 | 0 | -24496 | 644245094 | 1073741824 | -4061
00000014 | 6 | 3 | ECE78A61 | 69468 | 69276 | 192 | 121 | 7536 | 0 | 25155 | 644245094 | 1073741824 | -7121
00000014 | 7 | 3 | CF433523 | 69468 | 69449 | 19 | 118 | 4840 | 0 | 14600 | 644245094 | 1073741824 | -4221
00000014 | 8 | 1 | 60B7C42C | 69468 | 69465 | 3 | 118 | 5859 | 0 | -16026 | 644245094 | 1073741824 | -5552
00000014 | 9 | 1 | 6322BA42 | 69468 | 69461 | 7 | 118 | 6052 | 0 | 7792 | 644245094 | 1073741824 | -6349
00000014 | 10 | 1 | 72F3113F | 69468 | 70031 | 563 | 128 | 8109 | 0 | 20576 | 644245094 | 1073741824 | 703
00000014 | 11 | 0 | FDB6598E | 73400 | 70644 | 2756 | 3576 | 9451 | 0 | -29457 | 644245094 | 1073741824 | 11675
00000014 | 12 | 1 | 695DE03E | 69468 | 69493 | 25 | 118 | 7161 | 0 | -21760 | 644245094 | 1073741824 | -6206
00000014 | 13 | 1 | 63559D1B | 69468 | 70079 | 611 | 129 | 9472 | 0 | 8064 | 644245094 | 1073741824 | -3657
00000014 | 14 | 3 | 948015D2 | 69468 | 69463 | 5 | 118 | 6035 | 0 | 6925 | 644245094 | 1073741824 | -9210
00000014 | 15 | 3 | A07C5796 | 69468 | 69463 | 5 | 118 | 6035 | 0 | -23203 | 644245094 | 1073741824 | -10778
00000015 | 0 | 3 | AD75B4FB | 69468 | 69752 | 284 | 123 | 10362 | 0 | -4121 | 644245094 | 1073741824 | 7244
00000015 | 1 | 1 | 239351C8 | 77332 | 72121 | 5211 | 3620 | 15154 | 736 | 3155 | 644276385 | 1059158120 | 4545
00000015 | 2 | 1 | 44050FC3 | 69468 | 69467 | 1 | 118 | 5737 | 0 | 41261 | 644245094 | 1073741824 | -1841
00000015 | 3 | 0 | 0870353C | 73400 | 70387 | 3013 | 3580 | 11451 | 0 | 13631 | 644245094 | 1073741824 | 4419
00000015 | 4 | 3 | 9EEBFD94 | 69468 | 69467 | 1 | 118 | 5412 | 0 | 32458 | 644245094 | 1073741824 | -4062
00000015 | 5 | 3 | 9F1A0058 | 69468 | 69455 | 13 | 118 | 4960 | 0 | -23561 | 644245094 | 1073741824 | -4110
00000015 | 6 | 3 | EB72A3F9 | 69468 | 69334 | 134 | 120 | 7291 | 0 | 30176 | 644245094 | 1073741824 | -7158
00000015 | 7 | 3 | CF8FC2D7 | 69468 | 69455 | 13 | 118 | 4929 | 0 | 13590 | 644245094 | 1073741824 | -4341
00000015 | 8 | 1 | 5FEB920D | 69468 | 69466 | 2 | 118 | 5832 | 0 | -19866 | 644245094 | 1073741824 | -6106
00000015 | 9 | 1 | 61ED7D51 | 69468 | 69463 | 5 | 118 | 6001 | 0 | 8347 | 644245094 | 1073741824 | -6766
00000015 | 10 | 1 | 758926E5 | 69468 | 69862 | 394 | 125 | 7890 | 0 | 18874 | 644245094 | 1073741824 | -687
00000015 | 11 | 0 | 08CDD54A | 65536 | 69112 | 3576 | 182 | 9121 | 0 | -32211 | 644245094 | 1073741824 | 13039
00000015 | 12 | 1 | 685650BB | 69468 | 69485 | 17 | 118 | 7038 | 0 | -25877 | 644245094 | 1073741824 | -6480
00000015 | 13 | 1 | 63951DD4 | 69468 | 69896 | 428 | 126 | 9067 | 0 | 9005 | 644245094 | 1073741824 | -4450
00000015 | 14 | 3 | 91927728 | 69468 | 69465 | 3 | 118 | 5986 | 0 | 7840 | 644245094 | 1073741824 | -9533
00000015 | 15 | 3 | 9C9F31B5 | 69468 | 69465 | 3 | 118 | 5986 | 0 | -27730 | 644245094 | 1073741824 | -11038
00000016 | 0 | 3 | B4E3730A | 69468 | 69667 | 199 | 122 | 10018 | 0 | -3094 | 644245094 | 1073741824 | 7572
00000016 | 1 | 1 | 29151D2B | 69468 | 71325 | 1857 | 151 | 14240 | 0 | 254 | 644245094 | 1073741824 | 4382
00000016 | 2 | 1 | 45214FF3 | 69468 | 69467 | 1 | 118 | 5846 | 0 | 39657 | 644245094 | 1073741824 | -2579
00000016 | 3 | 0 | 0DB2FA22 | 65536 | 68932 | 3396 | 179 | 10907 | 0 | 15431 | 644245094 | 1073741824 | 4129
00000016 | 4 | 3 | 9F13C77F | 69468 | 69467 | 1 | 118 | 5406 | 0 | 18634 | 644245094 | 1073741824 | -4115
00000016 | 5 | 3 | 9F39D514 | 69468 | 69459 | 9 | 118 | 5011 | 0 | -18889 | 644245094 | 1073741824 | -4164
00000016 | 6 | 3 | E9B94DCA | 69468 | 69374 | 94 | 120 | 7080 | 0 | 16892 | 644245094 | 1073741824 | -7132
00000016 | 7 | 3 | CF89DF53 | 69468 | 69459 | 9 | 118 | 5011 | 0 | 3000 | 644245094 | 1073741824 | -4401
00000016 | 8 | 1 | 5E6B8796 | 69468 | 69467 | 1 | 118 | 5806 | 0 | -22408 | 644245094 | 1073741824 | -6778
00000016 | 9 | 1 | 60168CCF | 69468 | 69465 | 3 | 118 | 5954 | 0 | 14730 | 644245094 | 1073741824 | -7324
00000016 | 10 | 0 | 76D248CB | 73400 | 70923 | 2477 | 3571 | 11135 | 0 | 21695 | 644245094 | 1073741824 | -2384
00000016 | 11 | 0 | 140B3204 | 65536 | 68039 | 2503 | 163 | 8805 | 0 | -25005 | 644245094 | 1073741824 | 13800
00000016 | 12 | 1 | 66CBEDED | 69468 | 69480 | 12 | 118 | 6921 | 0 | -25831 | 644245094 | 1073741824 | -6844
00000016 | 13 | 1 | 630C3E47 | 69468 | 69768 | 300 | 123 | 8701 | 0 | 12764 | 644245094 | 1073741824 | -5243
00000016 | 14 | 3 | 8E220533 | 69468 | 69466 | 2 | 118 | 5940 | 0 | -1436 | 644245094 | 1073741824 | -9897
00000016 | 15 | 3 | 984C9700 | 69468 | 69466 | 2 | 118 | 5940 | 0 | -23530 | 644245094 | 1073741824 | -11318
00000017 | 0 | 3 | BC8B4889 | 69468 | 69607 | 139 | 121 | 9691 | 0 | -2221 | 644245094 | 1073741824 | 7941
00000017 | 1 | 1 | 2E56735F | 69468 | 70768 | 1300 | 141 | 13406 | 0 | -2212 | 644245094 | 1073741824 | 4010
00000017 | 2 | 1 | 45C93884 | 69468 | 69467 | 1 | 118 | 5928 | 0 | 38293 | 644245094 | 1073741824 | -3310
00000017 | 3 | 0 | 12ABE5F8 | 65536 | 67913 | 2377 | 161 | 10401 | 0 | 16961 | 644245094 | 1073741824 | 3726
00000017 | 4 | 3 | 9F2EFEAA | 69468 | 69467 | 1 | 118 | 5401 | 0 | 6884 | 644245094 | 1073741824 | -4194
00000017 | 5 | 3 | 9F5045EF | 69468 | 69462 | 6 | 118 | 5055 | 0 | -14917 | 644245094 | 1073741824 | -4224
00000017 | 6 | 3 | E80C619C | 69468 | 69402 | 66 | 119 | 6890 | 0 | 5601 | 644245094 | 1073741824 | -7056
00000017 | 7 | 3 | CF7EBB45 | 69468 | 69462 | 6 | 118 | 5079 | 0 | -6002 | 644245094 | 1073741824 | -4435
00000017 | 8 | 1 | 5C7AA5DD | 69468 | 69467 | 1 | 118 | 5792 | 0 | -24569 | 644245094 | 1073741824 | -7487
00000017 | 9 | 1 | 5DDAB4D2 | 69468 | 69466 | 2 | 118 | 5922 | 0 | 20156 | 644245094 | 1073741824 | -7958
00000017 | 10 | 0 | 76E1902F | 73400 | 71666 | 1734 | 3557 | 14013 | 0 | 24093 | 644245094 | 1073741824 | -4401
00000017 | 11 | 1 | 1F3D6AB0 | 77332 | 70827 | 6505 | 3643 | 12060 | 0 | -18880 | 644245094 | 1073741824 | 13563
00000017 | 12 | 1 | 64FD4417 | 69468 | 69476 | 8 | 118 | 6813 | 0 | -25792 | 644245094 | 1073741824 | -7272
00000017 | 13 | 1 | 620A180D | 69468 | 69678 | 210 | 122 | 8374 | 0 | 15959 | 644245094 | 1073741824 | -6000
00000017 | 14 | 3 | 8A6E9229 | 69468 | 69467 | 1 | 118 | 5900 | 0 | -9321 | 644245094 | 1073741824 | -10318
00000017 | 15 | 3 | 93C4826C | 69468 | 69467 | 1 | 118 | 5900 | 0 | -19960 | 644245094 | 1073741824 | -11654
00000018 | 0 | 3 | C482DA9C | 69468 | 69565 | 97 | 120 | 9384 | 0 | -1479 | 644245094 | 1073741824 | 8444
00000018 | 1 | 1 | 333D8BEB | 69468 | 70378 | 910 | 134 | 12648 | 0 | -4308 | 644245094 | 1073741824 | 3466
00000018 | 2 | 1 | 45FB8384 | 69468 | 69467 | 1 | 118 | 5991 | 0 | 37134 | 644245094 | 1073741824 | -4049
00000018 | 3 | 1 | 176922EE | 77332 | 70739 | 6593 | 3645 | 13432 | 0 | 18261 | 644245094 | 1073741824 | 3182
00000018 | 4 | 3 | 9F408078 | 69468 | 69467 | 1 | 118 | 5397 | 0 | -3104 | 644245094 | 1073741824 | -4255
00000018 | 5 | 3 | 9F5D016D | 69468 | 69464 | 4 | 118 | 5094 | 0 | -11541 | 644245094 | 1073741824 | -4285
00000018 | 6 | 3 | E67265ED | 69468 | 69422 | 46 | 119 | 6723 | 0 | -3997 | 644245094 | 1073741824 | -6938
00000018 | 7 | 3 | CF72CB7F | 69468 | 69464 | 4 | 118 | 5137 | 0 | -13654 | 644245094 | 1073741824 | -4440
00000018 | 8 | 1 | 5A1D38F6 | 69468 | 69467 | 1 | 118 | 5802 | 0 | -26406 | 644245094 | 1073741824 | -8169
00000018 | 9 | 1 | 5B3E18AF | 69468 | 69467 | 1 | 118 | 5916 | 0 | 24768 | 644245094 | 1073741824 | -8566
00000018 | 10 | 0 | 757AAB38 | 65536 | 69827 | 4291 | 195 | 13281 | 0 | 26131 | 644245094 | 1073741824 | -6641
00000018 | 11 | 1 | 2981109B | 69468 | 70419 | 951 | 135 | 11513 | 0 | -13674 | 644245094 | 1073741824 | 12088
00000018 | 12 | 1 | 62E775D6 | 69468 | 69474 | 6 | 118 | 6716 | 0 | -25759 | 644245094 | 1073741824 | -7719
00000018 | 13 | 1 | 6095ABE0 | 69468 | 69615 | 147 | 121 | 8085 | 0 | 18675 | 644245094 | 1073741824 | -6714
00000018 | 14 | 0 | 867B4CE9 | 73400 | 70647 | 2753 | 3576 | 9327 | 0 | -16023 | 644245094 | 1073741824 | -10790
00000018 | 15 | 3 | 8EFED60C | 69468 | 69467 | 1 | 118 | 5869 | 0 | -16925 | 644245094 | 1073741824 | -12041
00000019 | 0 | 3 | CCDC9F86 | 69468 | 69536 | 68 | 119 | 9108 | 0 | -848 | 644245094 | 1073741824 | 9063
00000019 | 1 | 1 | 37AB350C | 69468 | 70105 | 637 | 129 | 11974 | 0 | -6089 | 644245094 | 1073741824 | 2720
00000019 | 2 | 1 | 45B5A50C | 69468 | 69467 | 1 | 118 | 6099 | 0 | 36149 | 644245094 | 1073741824 | -4804
00000019 | 3 | 1 | 1BAE5F2B | 69468 | 70358 | 890 | 134 | 12627 | 0 | 19366 | 644245094 | 1073741824 | 2451
00000019 | 4 | 3 | 9F4B530A | 69468 | 69467 | 1 | 118 | 5398 | 0 | -11594 | 644245094 | 1073741824 | -4297
00000019 | 5 | 3 | 9F62E4F1 | 69468 | 69465 | 3 | 118 | 5132 | 0 | -8671 | 644245094 | 1073741824 | -4328
00000019 | 6 | 3 | E4EFA6D2 | 69468 | 69436 | 32 | 119 | 6578 | 0 | -12155 | 644245094 | 1073741824 | -6793
00000019 | 7 | 3 | CF6AAD92 | 69468 | 69465 | 3 | 118 | 5189 | 0 | -20158 | 644245094 | 1073741824 | -4416
00000019 | 8 | 1 | 57665A1E | 69468 | 69467 | 1 | 118 | 5811 | 0 | -27967 | 644245094 | 1073741824 | -8731
00000019 | 9 | 1 | 5850F440 | 69468 | 69467 | 1 | 118 | 5910 | 0 | 28688 | 644245094 | 1073741824 | -9072
00000019 | 10 | 0 | 72A4C35C | 65536 | 68540 | 3004 | 172 | 12598 | 0 | 27863 | 644245094 | 1073741824 | -8870
00000019 | 11 | 1 | 32257A4C | 69468 | 70134 | 666 | 130 | 11010 | 0 | -9248 | 644245094 | 1073741824 | 9496
00000019 | 12 | 1 | 608AD4A7 | 69468 | 69472 | 4 | 118 | 6637 | 0 | -25731 | 644245094 | 1073741824 | -8164
00000019 | 13 | 1 | 5EB92957 | 69468 | 69571 | 103 | 120 | 7838 | 0 | 20984 | 644245094 | 1073741824 | -7365
00000019 | 14 | 0 | 822DCA00 | 65536 | 69114 | 3578 | 182 | 8992 | 0 | -21720 | 644245094 | 1073741824 | -11265
00000019 | 15 | 3 | 89F71D0D | 69468 | 69467 | 1 | 118 | 5902 | 0 | -14345 | 644245094 | 1073741824 | -12456
00000020 | 0 | 3 | D597CB90 | 69468 | 69516 | 48 | 119 | 8844 | 0 | -312 | 644245094 | 1073741824 | 9676
00000020 | 1 | 1 | 3B8E3E71 | 77332 | 72273 | 5059 | 3617 | 14851 | 433 | -7603 | 644203372 | 1065383866 | 1719
00000020 | 2 | 1 | 44FC3AAD | 69468 | 69467 | 1 | 118 | 6176 | 0 | 35312 | 644245094 | 1073741824 | -5530
00000020 | 3 | 1 | 1F66EA01 | 69468 | 70091 | 623 | 129 | 11900 | 0 | 20306 | 644245094 | 1073741824 | 1583
00000020 | 4 | 3 | 9F569FD7 | 69468 | 69467 | 1 | 118 | 5395 | 0 | -18810 | 644245094 | 1073741824 | -4294
00000020 | 5 | 3 | 9F6B545B | 69468 | 69466 | 2 | 118 | 5162 | 0 | -6232 | 644245094 | 1073741824 | -4312
00000020 | 6 | 3 | E387A4A6 | 69468 | 69446 | 22 | 118 | 6446 | 0 | -19089 | 644245094 | 1073741824 | -6626
00000020 | 7 | 3 | CF6BA208 | 69468 | 69466 | 2 | 118 | 5230 | 0 | -25686 | 644245094 | 1073741824 | -4359
00000020 | 8 | 1 | 546CF46C | 69468 | 69467 | 1 | 118 | 5813 | 0 | -29294 | 644245094 | 1073741824 | -9149
00000020 | 9 | 1 | 55289B2C | 69468 | 69467 | 1 | 118 | 5899 | 0 | 32020 | 644245094 | 1073741824 | -9444
00000020 | 10 | 0 | 6E8E2904 | 65536 | 67639 | 2103 | 156 | 11961 | 0 | 29335 | 644245094 | 1073741824 | -10831
00000020 | 11 | 1 | 38BFB406 | 69468 | 69934 | 466 | 126 | 10542 | 0 | -5486 | 644245094 | 1073741824 | 6227
00000020 | 12 | 1 | 5DEBD55C | 69468 | 69471 | 3 | 118 | 6559 | 0 | -25707 | 644245094 | 1073741824 | -8581
00000020 | 13 | 1 | 5C7F3A46 | 69468 | 69540 | 72 | 119 | 7610 | 0 | 22946 | 644245094 | 1073741824 | -7950
00000020 | 14 | 0 | 7D90B342 | 65536 | 68041 | 2505 | 163 | 8671 | 0 | -26562 | 644245094 | 1073741824 | -11700
00000020 | 15 | 0 | 84BCF050 | 73400 | 70647 | 2753 | 3576 | 9379 | 0 | -12152 | 644245094 | 1073741824 | -12844
00000021 | 0 | 3 | DEBA6AFB | 69468 | 69502 | 34 | 119 | 8659 | 0 | 144 | 644245094 | 1073741824 | 10327
00000021 | 1 | 1 | 3EA72762 | 69468 | 71431 | 1963 | 153 | 13950 | 0 | -8890 | 644245094 | 1073741824 | 499
00000021 | 2 | 1 | 43CA555A | 69468 | 69467 | 1 | 118 | 6243 | 0 | 34600 | 644245094 | 1073741824 | -6287
00000021 | 3 | 1 | 2278A97B | 69468 | 69904 | 436 | 126 | 11260 | 0 | 21105 | 644245094 | 1073741824 | 546
00000021 | 4 | 3 | 9F6BCABF | 69468 | 69467 | 1 | 118 | 5396 | 0 | -24944 | 644245094 | 1073741824 | -4232
00000021 | 5 | 3 | 9F7E9657 | 69468 | 69467 | 1 | 118 | 5192 | 0 | -4159 | 644245094 | 1073741824 | -4244
00000021 | 6 | 3 | E23F9FF4 | 69468 | 69453 | 15 | 118 | 6332 | 0 | -24983 | 644245094 | 1073741824 | -6425
00000021 | 7 | 3 | CF8029F7 | 69468 | 69467 | 1 | 118 | 5267 | 0 | -30385 | 644245094 | 1073741824 | -4236
00000021 | 8 | 1 | 51423831 | 69468 | 69467 | 1 | 118 | 5814 | 0 | -30422 | 644245094 | 1073741824 | -9459
00000021 | 9 | 1 | 51D6E0BE | 69468 | 69467 | 1 | 118 | 5890 | 0 | 34852 | 644245094 | 1073741824 | -9704
00000021 | 10 | 1 | 69B840C9 | 77332 | 70547 | 6785 | 3648 | 14880 | 462 | 30587 | 644422410 | 1063304562 | -12208
00000021 | 11 | 1 | 3D382FB9 | 69468 | 69794 | 326 | 124 | 10114 | 0 | -2289 | 644245094 | 1073741824 | 2807
00000021 | 12 | 1 | 5B0DCF93 | 69468 | 69470 | 2 | 118 | 6497 | 0 | -25686 | 644245094 | 1073741824 | -8977
00000021 | 13 | 1 | 59F1BCC8 | 69468 | 69518 | 50 | 119 | 7417 | 0 | 24614 | 644245094 | 1073741824 | -8474
00000021 | 14 | 0 | 78B1E162 | 65536 | 67289 | 1753 | 150 | 8433 | 0 | -30678 | 644245094 | 1073741824 | -12068
00000021 | 15 | 0 | 7F3EA549 | 65536 | 69114 | 3578 | 182 | 9085 | 0 | -10288 | 644245094 | 1073741824 | -13180
00000022 | 0 | 3 | E81232C9 | 69468 | 69492 | 24 | 118 | 8476 | 0 | 532 | 644245094 | 1073741824 | 10662
00000022 | 1 | 1 | 40CEC8ED | 69468 | 70842 | 1374 | 143 | 13131 | 0 | -9984 | 644245094 | 1073741824 | -981
00000022 | 2 | 1 | 42222F7C | 69468 | 69467 | 1 | 118 | 6287 | 0 | 33995 | 644245094 | 1073741824 | -7030
00000022 | 3 | 1 | 24D57369 | 69468 | 69773 | 305 | 123 | 10683 | 0 | 21784 | 644245094 | 1073741824 | -583
00000022 | 4 | 3 | 9F95F7D1 | 69468 | 69467 | 1 | 118 | 5396 | 0 | -30158 | 644245094 | 1073741824 | -4100
00000022 | 5 | 3 | 9FA6B1BE | 69468 | 69467 | 1 | 118 | 5217 | 0 | -2397 | 644245094 | 1073741824 | -4113
00000022 | 6 | 3 | E11B6A95 | 69468 | 69458 | 10 | 118 | 6230 | 0 | -29993 | 644245094 | 1073741824 | -6200
00000022 | 7 | 3 | CFAD85E9 | 69468 | 69467 | 1 | 118 | 5298 | 0 | -34379 | 644245094 | 1073741824 | -4080
00000022 | 8 | 1 | 4DEDC91F | 69468 | 69467 | 1 | 118 | 5823 | 0 | -31381 | 644245094 | 1073741824 | -9721
00000022 | 9 | 1 | 4E643460 | 69468 | 69467 | 1 | 118 | 5889 | 0 | 37259 | 644245094 | 1073741824 | -9911
00000022 | 10 | 1 | 642FC62A | 69468 | 70223 | 755 | 132 | 13963 | 0 | 31651 | 644245094 | 1073741824 | -13310
00000022 | 11 | 1 | 3FCB167F | 69468 | 69696 | 228 | 122 | 9783 | 0 | 429 | 644245094 | 1073741824 | -239
00000022 | 12 | 1 | 57F2FDB6 | 69468 | 69469 | 1 | 118 | 6438 | 0 | -25668 | 644245094 | 1073741824 | -9359
00000022 | 13 | 1 | 57161A27 | 69468 | 69503 | 35 | 119 | 7244 | 0 | 26032 | 644245094 | 1073741824 | -8964
00000022 | 14 | 0 | 739A3E05 | 65536 | 66763 | 1227 | 140 | 8207 | 0 | -34177 | 644245094 | 1073741824 | -12394
00000022 | 15 | 0 | 7988547D | 65536 | 68041 | 2505 | 163 | 8800 | 0 | -8704 | 644245094 | 1073741824 | -13467
00000023 | 0 | 3 | F19B79DF | 69468 | 69485 | 17 | 118 | 8294 | 0 | 861 | 644245094 | 1073741824 | 10515
00000023 | 1 | 1 | 422BA70A | 69468 | 70430 | 962 | 135 | 12384 | 0 | -10914 | 644245094 | 1073741824 | -2689
00000023 | 2 | 1 | 404BB936 | 69468 | 69467 | 1 | 118 | 6311 | 0 | 33481 | 644245094 | 1073741824 | -7779
00000023 | 3 | 1 | 26BD943B | 69468 | 69681 | 213 | 122 | 10162 | 0 | 22361 | 644245094 | 1073741824 | -1769
00000023 | 4 | 3 | A02A4CEA | 69468 | 69467 | 1 | 118 | 5394 | 0 | -34590 | 644245094 | 1073741824 | -3891
00000023 | 5 | 3 | A038CC6D | 69468 | 69467 | 1 | 118 | 5236 | 0 | -899 | 644245094 | 1073741824 | -3905
00000023 | 6 | 3 | E0683537 | 69468 | 69461 | 7 | 118 | 6136 | 0 | -34252 | 644245094 | 1073741824 | -5948
00000023 | 7 | 3 | D043C3EE | 69468 | 69467 | 1 | 118 | 5321 | 0 | -37774 | 644245094 | 1073741824 | -3879
00000023 | 8 | 1 | 4ABD00A1 | 69468 | 69467 | 1 | 118 | 5824 | 0 | -32196 | 644245094 | 1073741824 | -9955
00000023 | 9 | 1 | 4B197AAB | 69468 | 69467 | 1 | 118 | 5882 | 0 | 39305 | 644245094 | 1073741824 | -10118
00000023 | 10 | 1 | 5E93E0D1 | 69468 | 69996 | 528 | 128 | 13132 | 0 | 32555 | 644245094 | 1073741824 | -13877
00000023 | 11 | 1 | 4103AB0E | 69468 | 69628 | 160 | 121 | 9467 | 0 | 2739 | 644245094 | 1073741824 | -2869
00000023 | 12 | 1 | 54E5B30F | 69468 | 69469 | 1 | 118 | 6378 | 0 | -25653 | 644245094 | 1073741824 | -9732
00000023 | 13 | 1 | 54393193 | 69468 | 69492 | 24 | 118 | 7084 | 0 | 27237 | 644245094 | 1073741824 | -9429
00000023 | 14 | 0 | 6E9BC028 | 65536 | 66395 | 859 | 133 | 7989 | 0 | -37151 | 644245094 | 1073741824 | -12672
00000023 | 15 | 0 | 73F0183E | 65536 | 67289 | 1753 | 150 | 8524 | 0 | -7357 | 644245094 | 1073741824 | -13691
00000024 | 0 | 3 | FA5A77C2 | 69468 | 69480 | 12 | 118 | 8115 | 0 | -7408 | 644245094 | 1073741824 | 9702
00000024 | 1 | 1 | 421747DA | 69468 | 70141 | 673 | 130 | 11705 | 0 | -18095 | 644245094 | 1073741824 | -4533
00000024 | 2 | 1 | 3DBA1863 | 69468 | 69467 | 1 | 118 | 6318 | 0 | 37440 | 644245094 | 1073741824 | -8497
00000024 | 3 | 1 | 279E4E49 | 69468 | 69617 | 149 | 121 | 9691 | 0 | 15485 | 644245094 | 1073741824 | -2962
00000024 | 4 | 3 | A0A1592D | 69468 | 69467 | 1 | 118 | 5389 | 0 | -37269 | 644245094 | 1073741824 | -3617
00000024 | 5 | 3 | A0AD9E47 | 69468 | 69467 | 1 | 118 | 5251 | 0 | -2121 | 644245094 | 1073741824 | -3631
00000024 | 6 | 3 | DF96EB4B | 69468 | 69463 | 5 | 118 | 6051 | 0 | -21068 | 644245094 | 1073741824 | -5680
00000024 | 7 | 3 | D0B4C3EF | 69468 | 69467 | 1 | 118 | 5337 | 0 | -28901 | 644245094 | 1073741824 | -3655
00000024 | 8 | 1 | 471B0F64 | 69468 | 69467 | 1 | 118 | 5819 | 0 | -35873 | 644245094 | 1073741824 | -10208
00000024 | 9 | 1 | 4762D8C1 | 69468 | 69467 | 1 | 118 | 5870 | 0 | 31915 | 644245094 | 1073741824 | -10338
00000024 | 10 | 1 | 5884984F | 69468 | 69838 | 370 | 125 | 12379 | 0 | 36877 | 644245094 | 1073741824 | -14134
00000024 | 11 | 1 | 409FE0C7 | 69468 | 69580 | 112 | 120 | 9167 | 0 | 442 | 644245094 | 1073741824 | -4999
00000024 | 12 | 1 | 51544F2A | 69468 | 69469 | 1 | 118 | 6317 | 0 | -22840 | 644245094 | 1073741824 | -10104
00000024 | 13 | 1 | 50CE0028 | 69468 | 69485 | 17 | 118 | 6935 | 0 | 25437 | 644245094 | 1073741824 | -9865
00000024 | 14 | 1 | 694BEE47 | 77332 | 69676 | 7656 | 3664 | 11317 | 0 | -23051 | 644245094 | 1073741824 | -12921
00000024 | 15 | 0 | 6DED10FF | 65536 | 66763 | 1227 | 140 | 8261 | 0 | 306 | 644245094 | 1073741824 | -13873
00000025 | 0 | 0 | 022DE905 | 73400 | 70656 | 2744 | 3575 | 11397 | 0 | -14436 | 644245094 | 1073741824 | 8152
00000025 | 1 | 1 | 40F82A47 | 77332 | 72298 | 5034 | 3617 | 14581 | 163 | -24199 | 644192942 | 1069554681 | -6339
00000025 | 2 | 1 | 3AC36755 | 69468 | 69467 | 1 | 118 | 6313 | 0 | 40805 | 644245094 | 1073741824 | -9132
00000025 | 3 | 1 | 27CA8D06 | 69468 | 69572 | 104 | 120 | 9267 | 0 | 9640 | 644245094 | 1073741824 | -4093
00000025 | 4 | 3 | A14C995C | 69468 | 69467 | 1 | 118 | 5384 | 0 | -39546 | 644245094 | 1073741824 | -3289
00000025 | 5 | 3 | A1576FC5 | 69468 | 69467 | 1 | 118 | 5263 | 0 | -3160 | 644245094 | 1073741824 | -3298
00000025 | 6 | 3 | DEEDBCC7 | 69468 | 69465 | 3 | 118 | 5974 | 0 | -9862 | 644245094 | 1073741824 | -5428
00000025 | 7 | 3 | D1489ECC | 69468 | 69467 | 1 | 118 | 5349 | 0 | -21359 | 644245094 | 1073741824 | -3436
00000025 | 8 | 1 | 4350B143 | 69468 | 69467 | 1 | 118 | 5813 | 0 | -38999 | 644245094 | 1073741824 | -10462
00000025 | 9 | 1 | 4388E1BF | 69468 | 69467 | 1 | 118 | 5858 | 0 | 25634 | 644245094 | 1073741824 | -10560
00000025 | 10 | 1 | 526C3D6A | 69468 | 69727 | 259 | 123 | 11701 | 0 | 40551 | 644245094 | 1073741824 | -14184
00000025 | 11 | 1 | 3F2EF4F6 | 69468 | 69546 | 78 | 119 | 8886 | 0 | -1511 | 644245094 | 1073741824 | -6688
00000025 | 12 | 1 | 4D8C02B4 | 69468 | 69469 | 1 | 118 | 6270 | 0 | -20448 | 644245094 | 1073741824 | -10449
00000025 | 13 | 1 | 4D218DD6 | 69468 | 69480 | 12 | 118 | 6811 | 0 | 23907 | 644245094 | 1073741824 | -10275
00000025 | 14 | 1 | 63D72FDF | 69468 | 69614 | 146 | 121 | 10741 | 0 | -11066 | 644245094 | 1073741824 | -13150
00000025 | 15 | 1 | 67F1D631 | 77332 | 69934 | 7398 | 3659 | 11604 | 0 | 6819 | 644245094 | 1073741824 | -14014
00000026 | 0 | 0 | 08A6DF52 | 65536 | 69120 | 3584 | 183 | 10990 | 0 | -20410 | 644245094 | 1073741824 | 6067
00000026 | 1 | 1 | 3EC4C1B4 | 69468 | 71449 | 1981 | 154 | 13748 | 0 | -29387 | 644245094 | 1073741824 | -8024
00000026 | 2 | 1 | 377767AD | 69468 | 69467 | 1 | 118 | 6326 | 0 | 43665 | 644245094 | 1073741824 | -9668
00000026 | 3 | 1 | 27516F18 | 69468 | 69541 | 73 | 119 | 8912 | 0 | 4672 | 644245094 | 1073741824 | -5130
00000026 | 4 | 3 | A2359A16 | 69468 | 69467 | 1 | 118 | 5387 | 0 | -41482 | 644245094 | 1073741824 | -2901
00000026 | 5 | 3 | A23E3616 | 69468 | 69467 | 1 | 118 | 5281 | 0 | -4043 | 644245094 | 1073741824 | -2915
00000026 | 6 | 3 | DE67E35B | 69468 | 69466 | 2 | 118 | 5913 | 0 | -336 | 644245094 | 1073741824 | -5206
00000026 | 7 | 3 | D1FA3CBA | 69468 | 69467 | 1 | 118 | 5366 | 0 | -14948 | 644245094 | 1073741824 | -3249
00000026 | 8 | 1 | 3F5EB1F6 | 69468 | 69467 | 1 | 118 | 5809 | 0 | -41656 | 644245094 | 1073741824 | -10711
00000026 | 9 | 1 | 3F8A4FB2 | 69468 | 69467 | 1 | 118 | 5849 | 0 | 20295 | 644245094 | 1073741824 | -10790
00000026 | 10 | 1 | 4C5D97E2 | 69468 | 69649 | 181 | 121 | 11093 | 0 | 43674 | 644245094 | 1073741824 | -14119
00000026 | 11 | 1 | 3CECBF39 | 69468 | 69523 | 55 | 119 | 8628 | 0 | -3171 | 644245094 | 1073741824 | -8001
00000026 | 12 | 1 | 498D70A7 | 69468 | 69469 | 1 | 118 | 6238 | 0 | -18415 | 644245094 | 1073741824 | -10790
00000026 | 13 | 1 | 493A89D9 | 69468 | 69476 | 8 | 118 | 6712 | 0 | 22606 | 644245094 | 1073741824 | -10642
00000026 | 14 | 1 | 5E439131 | 69468 | 69570 | 102 | 120 | 10287 | 0 | -879 | 644245094 | 1073741824 | -13341
00000026 | 15 | 1 | 61E11EFE | 69468 | 69794 | 326 | 124 | 11046 | 0 | 12356 | 644245094 | 1073741824 | -14140
00000027 | 0 | 0 | 0D936127 | 65536 | 68045 | 2509 | 163 | 10589 | 0 | -25488 | 644245094 | 1073741824 | 3640
00000027 | 1 | 1 | 3BAFD35B | 69468 | 70855 | 1387 | 143 | 12982 | 0 | -33797 | 644245094 | 1073741824 | -9405
00000027 | 2 | 1 | 33EA4FDC | 69468 | 69467 | 1 | 118 | 6325 | 0 | 46096 | 644245094 | 1073741824 | -10077
00000027 | 3 | 1 | 2641702B | 69468 | 69519 | 51 | 119 | 8589 | 0 | 449 | 644245094 | 1073741824 | -6077
00000027 | 4 | 3 | A364A206 | 69468 | 69467 | 1 | 118 | 5387 | 0 | -43127 | 644245094 | 1073741824 | -2461
00000027 | 5 | 3 | A36CC3CB | 69468 | 69467 | 1 | 118 | 5294 | 0 | -4794 | 644245094 | 1073741824 | -2464
00000027 | 6 | 3 | DDF96F40 | 69468 | 69467 | 1 | 118 | 5856 | 0 | 7761 | 644245094 | 1073741824 | -5059
00000027 | 7 | 3 | D2BF1CA4 | 69468 | 69467 | 1 | 118 | 5378 | 0 | -9499 | 644245094 | 1073741824 | -3128
00000027 | 8 | 1 | 3B45B476 | 69468 | 69467 | 1 | 118 | 5800 | 0 | -43914 | 644245094 | 1073741824 | -10956
00000027 | 9 | 1 | 3B674B58 | 69468 | 69467 | 1 | 118 | 5835 | 0 | 15757 | 644245094 | 1073741824 | -11019
00000027 | 10 | 1 | 4663A307 | 69468 | 69595 | 127 | 120 | 10543 | 0 | 46328 | 644245094 | 1073741824 | -13986
00000027 | 11 | 1 | 3A062148 | 69468 | 69506 | 38 | 119 | 8385 | 0 | -4582 | 644245094 | 1073741824 | -9033
00000027 | 12 | 1 | 455ECE04 | 69468 | 69469 | 1 | 118 | 6202 | 0 | -16687 | 644245094 | 1073741824 | -11092
00000027 | 13 | 1 | 451E0BFD | 69468 | 69474 | 6 | 118 | 6617 | 0 | 21500 | 644245094 | 1073741824 | -10978
00000027 | 14 | 1 | 58955E52 | 69468 | 69539 | 71 | 119 | 9867 | 0 | 7780 | 644245094 | 1073741824 | -13506
00000027 | 15 | 1 | 5BC0CEEA | 69468 | 69696 | 228 | 122 | 10535 | 0 | 17062 | 644245094 | 1073741824 | -14233
00000028 | 0 | 0 | 10F0E29D | 65536 | 67292 | 1756 | 150 | 10202 | 0 | -29805 | 644245094 | 1073741824 | 1179
00000028 | 1 | 1 | 37EF5356 | 69468 | 70439 | 971 | 135 | 12280 | 0 | -37546 | 644245094 | 1073741824 | -10458
00000028 | 2 | 1 | 302B15CA | 69468 | 69467 | 1 | 118 | 6312 | 0 | 48163 | 644245094 | 1073741824 | -10392
00000028 | 3 | 1 | 24ACB507 | 69468 | 69504 | 36 | 119 | 8295 | 0 | -3140 | 644245094 | 1073741824 | -6910
00000028 | 4 | 3 | A4E154DF | 69468 | 69467 | 1 | 118 | 5384 | 0 | -44526 | 644245094 | 1073741824 | -1973
00000028 | 5 | 3 | A4E8596F | 69468 | 69467 | 1 | 118 | 5303 | 0 | -5432 | 644245094 | 1073741824 | -1980
00000028 | 6 | 3 | DD936A8F | 69468 | 69467 | 1 | 118 | 5803 | 0 | 14643 | 644245094 | 1073741824 | -5006
00000028 | 7 | 3 | D3877CEA | 69468 | 69467 | 1 | 118 | 5385 | 0 | -4867 | 644245094 | 1073741824 | -3106
00000028 | 8 | 1 | 3707CA6F | 69468 | 69467 | 1 | 118 | 5787 | 0 | -45834 | 644245094 | 1073741824 | -11188
00000028 | 9 | 1 | 37226098 | 69468 | 69467 | 1 | 118 | 5817 | 0 | 11899 | 644245094 | 1073741824 | -11232
00000028 | 10 | 1 | 408164FA | 69468 | 69557 | 89 | 120 | 10045 | 0 | 48584 | 644245094 | 1073741824 | -13834
00000028 | 11 | 1 | 369F3BF2 | 69468 | 69495 | 27 | 118 | 8154 | 0 | -5781 | 644245094 | 1073741824 | -9839
00000028 | 12 | 1 | 41039B27 | 69468 | 69469 | 1 | 118 | 6163 | 0 | -15218 | 644245094 | 1073741824 | -11372
00000028 | 13 | 1 | 40D06056 | 69468 | 69472 | 4 | 118 | 6526 | 0 | 20560 | 644245094 | 1073741824 | -11287
00000028 | 14 | 1 | 52D134D3 | 69468 | 69518 | 50 | 119 | 9480 | 0 | 15140 | 644245094 | 1073741824 | -13643
00000028 | 15 | 1 | 5594E08C | 69468 | 69628 | 160 | 121 | 10068 | 0 | 21062 | 644245094 | 1073741824 | -14302
00000029 | 0 | 1 | 12FD75BC | 77332 | 70304 | 7028 | 3653 | 13343 | 0 | -33474 | 644245094 | 1073741824 | -1119
00000029 | 1 | 1 | 33B3523B | 69468 | 70148 | 680 | 130 | 11639 | 0 | -40732 | 644245094 | 1073741824 | -11217
00000029 | 2 | 1 | 2C4185E7 | 69468 | 69467 | 1 | 118 | 6290 | 0 | 49920 | 644245094 | 1073741824 | -10658
00000029 | 3 | 1 | 229DBEC0 | 69468 | 69493 | 25 | 118 | 8026 | 0 | -6191 | 644245094 | 1073741824 | -7677
00000029 | 4 | 3 | A6AE9003 | 69468 | 69467 | 1 | 118 | 5379 | 0 | -45715 | 644245094 | 1073741824 | -1467
00000029 | 5 | 3 | A6B4F19A | 69468 | 69467 | 1 | 118 | 5308 | 0 | -5974 | 644245094 | 1073741824 | -1471
00000029 | 6 | 3 | DD263C67 | 69468 | 69467 | 1 | 118 | 5754 | 0 | 20493 | 644245094 | 1073741824 | -5051
00000029 | 7 | 3 | D44138C6 | 69468 | 69467 | 1 | 118 | 5387 | 0 | -930 | 644245094 | 1073741824 | -3198
00000029 | 8 | 1 | 32A6B40E | 69468 | 69467 | 1 | 118 | 5770 | 0 | -47466 | 644245094 | 1073741824 | -11409
00000029 | 9 | 1 | 32BA497E | 69468 | 69467 | 1 | 118 | 5796 | 0 | 8620 | 644245094 | 1073741824 | -11453
00000029 | 10 | 1 | 3AB56F0A | 69468 | 69530 | 62 | 119 | 9593 | 0 | 50502 | 644245094 | 1073741824 | -13693
00000029 | 11 | 1 | 32D0BA7B | 69468 | 69487 | 19 | 118 | 7937 | 0 | -6800 | 644245094 | 1073741824 | -10489
00000029 | 12 | 1 | 3C7E1279 | 69468 | 69469 | 1 | 118 | 6121 | 0 | -13970 | 644245094 | 1073741824 | -11638
00000029 | 13 | 1 | 3C54DE82 | 69468 | 69471 | 3 | 118 | 6439 | 0 | 19761 | 644245094 | 1073741824 | -11575
00000029 | 14 | 1 | 4CF9265F | 69468 | 69503 | 35 | 119 | 9124 | 0 | 21396 | 644245094 | 1073741824 | -13767
00000029 | 15 | 1 | 4F60AB82 | 69468 | 69580 | 112 | 120 | 9640 | 0 | 24462 | 644245094 | 1073741824 | -14351
00000030 | 0 | 1 | 13BE3250 | 69468 | 70053 | 585 | 129 | 12612 | 0 | -36593 | 644245094 | 1073741824 | -3189
00000030 | 1 | 1 | 2F3CBF75 | 77332 | 72303 | 5029 | 3617 | 14610 | 192 | -43440 | 644140790 | 1069554681 | -11714
00000030 | 2 | 1 | 28321506 | 69468 | 69467 | 1 | 118 | 6275 | 0 | 51413 | 644245094 | 1073741824 | -10896
00000030 | 3 | 1 | 201EBCEF | 69468 | 69485 | 17 | 118 | 7795 | 0 | -8784 | 644245094 | 1073741824 | -8381
00000030 | 4 | 3 | A8CA9345 | 69468 | 69467 | 1 | 118 | 5377 | 0 | -46726 | 644245094 | 1073741824 | -972
00000030 | 5 | 3 | A8D0A35F | 69468 | 69467 | 1 | 118 | 5315 | 0 | -6435 | 644245094 | 1073741824 | -974
00000030 | 6 | 3 | DCB7F10B | 77332 | 71827 | 5505 | 3625 | 9218 | 0 | 25465 | 644245094 | 1073741824 | -5199
00000030 | 7 | 3 | D4D8BCBE | 69468 | 69467 | 1 | 118 | 5390 | 0 | 2417 | 644245094 | 1073741824 | -3413
00000030 | 8 | 1 | 2E20D9E4 | 69468 | 69467 | 1 | 118 | 5751 | 0 | -48853 | 644245094 | 1073741824 | -11640
00000030 | 9 | 1 | 2E309D7A | 69468 | 69467 | 1 | 118 | 5774 | 0 | 5833 | 644245094 | 1073741824 | -11664
00000030 | 10 | 1 | 34FAFAE8 | 69468 | 69511 | 43 | 119 | 9184 | 0 | 52132 | 644245094 | 1073741824 | -13581
00000030 | 11 | 1 | 2EAE079E | 69468 | 69481 | 13 | 118 | 7734 | 0 | -7667 | 644245094 | 1073741824 | -11018
00000030 | 12 | 1 | 37D06E64 | 69468 | 69469 | 1 | 118 | 6079 | 0 | -12909 | 644245094 | 1073741824 | -11890
00000030 | 13 | 1 | 37AF8119 | 69468 | 69470 | 2 | 118 | 6357 | 0 | 19082 | 644245094 | 1073741824 | -11838
00000030 | 14 | 1 | 471061D5 | 69468 | 69492 | 24 | 118 | 8796 | 0 | 26714 | 644245094 | 1073741824 | -13871
00000030 | 15 | 1 | 492575C0 | 69468 | 69546 | 78 | 119 | 9249 | 0 | 27352 | 644245094 | 1073741824 | -14393
00000031 | 0 | 1 | 13ADF675 | 69468 | 69877 | 409 | 125 | 12013 | 0 | -39244 | 644245094 | 1073741824 | -4949
00000031 | 1 | 1 | 2ABF0338 | 69468 | 71452 | 1984 | 154 | 13790 | 0 | -45742 | 644245094 | 1073741824 | -12166
00000031 | 2 | 1 | 2441846A | 69468 | 69467 | 1 | 118 | 6270 | 0 | 52682 | 644245094 | 1073741824 | -11160
00000031 | 3 | 1 | 1D7EF1EC | 69468 | 69480 | 12 | 118 | 7600 | 0 | -10988 | 644245094 | 1073741824 | -9045
00000031 | 4 | 3 | AB7719C6 | 69468 | 69467 | 1 | 118 | 5391 | 0 | -47585 | 644245094 | 1073741824 | -522
00000031 | 5 | 3 | AB7D529F | 69468 | 69467 | 1 | 118 | 5336 | 0 | -6827 | 644245094 | 1073741824 | -521
00000031 | 6 | 3 | DC6439E0 | 69468 | 71119 | 1651 | 148 | 8839 | 0 | 29692 | 644245094 | 1073741824 | -5448
00000031 | 7 | 3 | D5884901 | 69468 | 69467 | 1 | 118 | 5459 | 0 | 5262 | 644245094 | 1073741824 | -3720
00000031 | 8 | 1 | 29BF7206 | 69468 | 69467 | 1 | 118 | 5733 | 0 | -50032 | 644245094 | 1073741824 | -11869
00000031 | 9 | 1 | 29CBB540 | 69468 | 69467 | 1 | 118 | 5753 | 0 | 3464 | 644245094 | 1073741824 | -11891
00000031 | 10 | 1 | 2F937239 | 69468 | 69498 | 30 | 119 | 8816 | 0 | 53518 | 644245094 | 1073741824 | -13518
00000031 | 11 | 1 | 2A8CEC31 | 69468 | 69477 | 9 | 118 | 7547 | 0 | -8403 | 644245094 | 1073741824 | -11465
00000031 | 12 | 1 | 33429F0B | 69468 | 69469 | 1 | 118 | 6039 | 0 | -12007 | 644245094 | 1073741824 | -12148
00000031 | 13 | 1 | 332860FB | 69468 | 69469 | 1 | 118 | 6282 | 0 | 18505 | 644245094 | 1073741824 | -12106
00000031 | 14 | 1 | 415DE2E2 | 69468 | 69485 | 17 | 118 | 8498 | 0 | 31234 | 644245094 | 1073741824 | -13988
00000031 | 15 | 1 | 432A8C6F | 69468 | 69523 | 55 | 119 | 8894 | 0 | 29809 | 644245094 | 1073741824 | -14445
00000032 | 0 | 1 | 12629A25 | 69468 | 69754 | 286 | 123 | 11459 | 0 | -37519 | 644245094 | 1073741824 | -6464
00000032 | 1 | 1 | 25BDA7F8 | 69468 | 70857 | 1389 | 143 | 13034 | 0 | -36346 | 644245094 | 1073741824 | -12499
00000032 | 2 | 1 | 1FD9BECD | 69468 | 69467 | 1 | 118 | 6255 | 0 | 45490 | 644245094 | 1073741824 | -11451
00000032 | 3 | 1 | 1A308F1C | 69468 | 69476 | 8 | 118 | 7419 | 0 | -14661 | 644245094 | 1073741824 | -9683
00000032 | 4 | 3 | AE110145 | 69468 | 69467 | 1 | 118 | 5400 | 0 | -47955 | 644245094 | 1073741824 | -181
00000032 | 5 | 3 | AE17DD18 | 69468 | 69467 | 1 | 118 | 5352 | 0 | -11038 | 644245094 | 1073741824 | -177
00000032 | 6 | 3 | DB8DD828 | 69468 | 70624 | 1156 | 139 | 8490 | 0 | 19202 | 644245094 | 1073741824 | -5781
00000032 | 7 | 3 | D5AC69D1 | 69468 | 69467 | 1 | 118 | 5511 | 0 | 602 | 644245094 | 1073741824 | -4138
00000032 | 8 | 1 | 24EFBECC | 69468 | 69467 | 1 | 118 | 5713 | 0 | -36593 | 644245094 | 1073741824 | -12104
00000032 | 9 | 1 | 24F924A3 | 69468 | 69467 | 1 | 118 | 5730 | 0 | -3795 | 644245094 | 1073741824 | -12122
00000032 | 10 | 1 | 29E75105 | 69468 | 69489 | 21 | 118 | 8480 | 0 | 45754 | 644245094 | 1073741824 | -13490
00000032 | 11 | 1 | 25E488A6 | 69468 | 69474 | 6 | 118 | 7370 | 0 | 2646 | 644245094 | 1073741824 | -11857
00000032 | 12 | 1 | 2E44212E | 69468 | 69469 | 1 | 118 | 5998 | 0 | -3746 | 644245094 | 1073741824 | -12398
00000032 | 13 | 1 | 2E2F23A8 | 69468 | 69469 | 1 | 118 | 6210 | 0 | 14665 | 644245094 | 1073741824 | -12365
00000032 | 14 | 1 | 3B500912 | 69468 | 69480 | 12 | 118 | 8222 | 0 | 16823 | 644245094 | 1073741824 | -14104
00000032 | 15 | 1 | 3CDC3D6F | 69468 | 69506 | 38 | 119 | 8570 | 0 | 26179 | 644245094 | 1073741824 | -14510
00000033 | 0 | 1 | 10480595 | 69468 | 69668 | 200 | 122 | 10947 | 0 | -36053 | 644245094 | 1073741824 | -7761
00000033 | 1 | 1 | 20874D14 | 69468 | 70440 | 972 | 136 | 12339 | 0 | -28360 | 644245094 | 1073741824 | -12807
00000033 | 2 | 1 | 1B3D9C86 | 69468 | 69467 | 1 | 118 | 6232 | 0 | 39377 | 644245094 | 1073741824 | -11780
00000033 | 3 | 1 | 16802233 | 69468 | 69474 | 6 | 118 | 7251 | 0 | -17783 | 644245094 | 1073741824 | -10299
00000033 | 4 | 3 | B0CA1A86 | 69468 | 69467 | 1 | 118 | 5404 | 0 | -48269 | 644245094 | 1073741824 | 15
00000033 | 5 | 3 | B0CF0D6D | 69468 | 69467 | 1 | 118 | 5363 | 0 | -14617 | 644245094 | 1073741824 | 3
00000033 | 6 | 3 | DA7569D1 | 69468 | 70277 | 809 | 133 | 8171 | 0 | 10285 | 644245094 | 1073741824 | -6175
00000033 | 7 | 3 | D57EBC62 | 69468 | 69467 | 1 | 118 | 5548 | 0 | -3359 | 644245094 | 1073741824 | -4652
00000033 | 8 | 1 | 1FF9879A | 69468 | 69467 | 1 | 118 | 5690 | 0 | -25170 | 644245094 | 1073741824 | -12346
00000033 | 9 | 1 | 20015602 | 69468 | 69467 | 1 | 118 | 5705 | 0 | -9965 | 644245094 | 1073741824 | -12356
00000033 | 10 | 1 | 24369240 | 69468 | 69483 | 15 | 118 | 8175 | 0 | 39154 | 644245094 | 1073741824 | -13519
00000033 | 11 | 1 | 2102B0A5 | 69468 | 69472 | 4 | 118 | 7204 | 0 | 12038 | 644245094 | 1073741824 | -12218
00000033 | 12 | 1 | 291D0DAE | 69468 | 69469 | 1 | 118 | 5956 | 0 | 3276 | 644245094 | 1073741824 | -12653
00000033 | 13 | 1 | 290B67C6 | 69468 | 69469 | 1 | 118 | 6140 | 0 | 11401 | 644245094 | 1073741824 | -12632
00000033 | 14 | 1 | 352D0459 | 69468 | 69476 | 8 | 118 | 7968 | 0 | 4574 | 644245094 | 1073741824 | -14236
00000033 | 15 | 1 | 3680E174 | 69468 | 69495 | 27 | 118 | 8273 | 0 | 23094 | 644245094 | 1073741824 | -14592
00000034 | 0 | 1 | 0D778702 | 69468 | 69608 | 140 | 121 | 10474 | 0 | -34807 | 644245094 | 1073741824 | -8900
00000034 | 1 | 1 | 1B1C6CC7 | 69468 | 70148 | 680 | 130 | 11701 | 0 | -21571 | 644245094 | 1073741824 | -13120
00000034 | 2 | 1 | 1666E893 | 69468 | 69467 | 1 | 118 | 6203 | 0 | 34181 | 644245094 | 1073741824 | -12148
00000034 | 3 | 1 | 126F19E2 | 69468 | 69472 | 4 | 118 | 7095 | 0 | -20437 | 644245094 | 1073741824 | -10906
00000034 | 4 | 3 | B37EE7B3 | 69468 | 69467 | 1 | 118 | 5405 | 0 | -48536 | 644245094 | 1073741824 | -12
00000034 | 5 | 3 | B383605F | 69468 | 69467 | 1 | 118 | 5369 | 0 | -17659 | 644245094 | 1073741824 | -15
00000034 | 6 | 3 | D915FFCE | 69468 | 70034 | 566 | 128 | 7879 | 0 | 2706 | 644245094 | 1073741824 | -6607
00000034 | 7 | 3 | D4F77444 | 69468 | 69467 | 1 | 118 | 5574 | 0 | -6725 | 644245094 | 1073741824 | -5215
00000034 | 8 | 1 | 1ADBD7FB | 69468 | 69467 | 1 | 118 | 5666 | 0 | -15460 | 644245094 | 1073741824 | -12594
00000034 | 9 | 1 | 1AE194B8 | 69468 | 69467 | 1 | 118 | 5679 | 0 | -15210 | 644245094 | 1073741824 | -12607
00000034 | 10 | 1 | 1E7B29A8 | 69468 | 69478 | 10 | 118 | 7898 | 0 | 33544 | 644245094 | 1073741824 | -13586
00000034 | 11 | 1 | 1BEC7BF9 | 69468 | 69471 | 3 | 118 | 7048 | 0 | 20021 | 644245094 | 1073741824 | -12547
00000034 | 12 | 1 | 23CB2A22 | 69468 | 69469 | 1 | 118 | 5913 | 0 | 9245 | 644245094 | 1073741824 | -12922
00000034 | 13 | 1 | 23BD0497 | 69468 | 69469 | 1 | 118 | 6074 | 0 | 8626 | 644245094 | 1073741824 | -12900
00000034 | 14 | 1 | 2EF1A5D8 | 69468 | 69474 | 6 | 118 | 7734 | 0 | -5838 | 644245094 | 1073741824 | -14389
00000034 | 15 | 1 | 3015499F | 69468 | 69487 | 19 | 118 | 8001 | 0 | 20472 | 644245094 | 1073741824 | -14693
00000035 | 0 | 0 | 0A12B357 | 73400 | 70746 | 2654 | 3574 | 13491 | 0 | -33748 | 644245094 | 1073741824 | -9901
00000035 | 1 | 1 | 157C8CD6 | 69468 | 69944 | 476 | 127 | 11117 | 0 | -15801 | 644245094 | 1073741824 | -13440
00000035 | 2 | 0 | 115D46A7 | 73400 | 70647 | 2753 | 3576 | 9627 | 0 | 29764 | 644245094 | 1073741824 | -12539
00000035 | 3 | 1 | 0E002ACE | 69468 | 69471 | 3 | 118 | 6949 | 0 | -22693 | 644245094 | 1073741824 | -11496
00000035 | 4 | 3 | B60CB6AD | 69468 | 69467 | 1 | 118 | 5403 | 0 | -48763 | 644245094 | 1073741824 | -257
00000035 | 5 | 3 | B60FE966 | 69468 | 69467 | 1 | 118 | 5372 | 0 | -20245 | 644245094 | 1073741824 | -265
00000035 | 6 | 3 | D76D0E38 | 69468 | 69864 | 396 | 125 | 7613 | 0 | -3737 | 644245094 | 1073741824 | -7059
00000035 | 7 | 3 | D40F90BF | 69468 | 69467 | 1 | 118 | 5590 | 0 | -9587 | 644245094 | 1073741824 | -5822
00000035 | 8 | 1 | 15944CC6 | 69468 | 69467 | 1 | 118 | 5640 | 0 | -7207 | 644245094 | 1073741824 | -12857
00000035 | 9 | 1 | 159A0983 | 69468 | 69467 | 1 | 118 | 5652 | 0 | -19668 | 644245094 | 1073741824 | -12857
00000035 | 10 | 0 | 18BA8085 | 73400 | 70655 | 2745 | 3575 | 11103 | 0 | 28776 | 644245094 | 1073741824 | -13689
00000035 | 11 | 1 | 16A49F47 | 69468 | 69470 | 2 | 118 | 6903 | 0 | 26807 | 644245094 | 1073741824 | -12859
00000035 | 12 | 0 | 1E5A6651 | 73400 | 70648 | 2752 | 3576 | 9328 | 0 | 14318 | 644245094 | 1073741824 | -13187
00000035 | 13 | 1 | 1E43A89E | 69468 | 69469 | 1 | 118 | 6011 | 0 | 6267 | 644245094 | 1073741824 | -13170
00000035 | 14 | 1 | 289C5620 | 69468 | 69472 | 4 | 118 | 7518 | 0 | -14688 | 644245094 | 1073741824 | -14552
00000035 | 15 | 1 | 2995A416 | 69468 | 69481 | 13 | 118 | 7752 | 0 | 18243 | 644245094 | 1073741824 | -14819
00000036 | 0 | 0 | 06130415 | 65536 | 69183 | 3647 | 184 | 12801 | 0 | -32848 | 644245094 | 1073741824 | -10780
00000036 | 1 | 1 | 0FA7FEBE | 69468 | 69801 | 333 | 124 | 10664 | 0 | -10896 | 644245094 | 1073741824 | -13763
00000036 | 2 | 1 | 0C25F74D | 77332 | 72653 | 4679 | 3610 | 12730 | 0 | 26010 | 644245094 | 1073741824 | -12946
00000036 | 3 | 1 | 0937C9C9 | 69468 | 69470 | 2 | 118 | 6895 | 0 | -24611 | 644245094 | 1073741824 | -12058
00000036 | 4 | 3 | B84C8942 | 69468 | 69467 | 1 | 118 | 5410 | 0 | -48956 | 644245094 | 1073741824 | -747
00000036 | 5 | 3 | B84FBBFB | 69468 | 69467 | 1 | 118 | 5382 | 0 | -22443 | 644245094 | 1073741824 | -747
00000036 | 6 | 3 | D57C03C0 | 69468 | 69745 | 277 | 123 | 7384 | 0 | -9213 | 644245094 | 1073741824 | -7505
00000036 | 7 | 3 | D2C78C0D | 69468 | 69467 | 1 | 118 | 5609 | 0 | -12019 | 644245094 | 1073741824 | -6426
00000036 | 8 | 1 | 1024F7A6 | 69468 | 69467 | 1 | 118 | 5635 | 0 | -192 | 644245094 | 1073741824 | -13107
00000036 | 9 | 1 | 102AB463 | 69468 | 69467 | 1 | 118 | 5645 | 0 | -23457 | 644245094 | 1073741824 | -13107
00000036 | 10 | 0 | 12ECCA67 | 73400 | 71479 | 1921 | 3561 | 13956 | 0 | 24723 | 644245094 | 1073741824 | -13821
00000036 | 11 | 1 | 112EEC68 | 69468 | 69469 | 1 | 118 | 6838 | 0 | 32575 | 644245094 | 1073741824 | -13147
00000036 | 12 | 3 | 18D11FFA | 77332 | 72653 | 4679 | 3610 | 12417 | 0 | 18630 | 644245094 | 1073741824 | -13461
00000036 | 13 | 1 | 18A0710F | 69468 | 69469 | 1 | 118 | 6022 | 0 | 4262 | 644245094 | 1073741824 | -13433
00000036 | 14 | 1 | 222BCF3D | 69468 | 69471 | 3 | 118 | 7340 | 0 | -22210 | 644245094 | 1073741824 | -14723
00000036 | 15 | 1 | 22FFB670 | 69468 | 69477 | 9 | 118 | 7544 | 0 | 16348 | 644245094 | 1073741824 | -14958
00000037 | 0 | 0 | 01945362 | 65536 | 68089 | 2553 | 164 | 12171 | 0 | -32083 | 644245094 | 1073741824 | -11512
00000037 | 1 | 1 | 09A8A09A | 69468 | 69701 | 233 | 122 | 10259 | 0 | -6727 | 644245094 | 1073741824 | -14026
00000037 | 2 | 0 | 06DA9A3F | 73400 | 72877 | 523 | 3535 | 15424 | 1006 | 22819 | 644537145 | 1052968755 | -13085
00000037 | 3 | 0 | 043C520D | 73400 | 70649 | 2751 | 3576 | 10360 | 0 | -26241 | 644245094 | 1073741824 | -12450
00000037 | 4 | 3 | BA1855B5 | 69468 | 69467 | 1 | 118 | 5420 | 0 | -49120 | 644245094 | 1073741824 | -1476
00000037 | 5 | 3 | BA1B36F1 | 69468 | 69467 | 1 | 118 | 5396 | 0 | -24311 | 644245094 | 1073741824 | -1478
00000037 | 6 | 3 | D343D4DD | 69468 | 69662 | 194 | 121 | 7183 | 0 | -13868 | 644245094 | 1073741824 | -7947
00000037 | 7 | 3 | D11E48FA | 69468 | 69467 | 1 | 118 | 5626 | 0 | -14087 | 644245094 | 1073741824 | -7037
00000037 | 8 | 1 | 0A9DEBB8 | 69468 | 69467 | 1 | 118 | 5646 | 0 | 5771 | 644245094 | 1073741824 | -13256
00000037 | 9 | 1 | 0AA2B3FF | 69468 | 69467 | 1 | 118 | 5655 | 0 | -26678 | 644245094 | 1073741824 | -13262
00000037 | 10 | 1 | 0D71D6FE | 77332 | 73235 | 4097 | 3600 | 16547 | 2129 | 21278 | 644818765 | 1030582255 | -13406
00000037 | 11 | 1 | 0BB7F396 | 69468 | 69469 | 1 | 118 | 6837 | 0 | 37478 | 644245094 | 1073741824 | -13155
00000037 | 12 | 0 | 133FBBB5 | 73400 | 72877 | 523 | 3535 | 15105 | 687 | 22296 | 644443271 | 1059158120 | -13525
00000037 | 13 | 1 | 12E76B9E | 69468 | 69469 | 1 | 118 | 6092 | 0 | 2558 | 644245094 | 1073741824 | -13570
00000037 | 14 | 1 | 1BA8A958 | 69468 | 69470 | 2 | 118 | 7194 | 0 | -28604 | 644245094 | 1073741824 | -14840
00000037 | 15 | 1 | 1C5D0D4C | 69468 | 69474 | 6 | 118 | 7372 | 0 | 14737 | 644245094 | 1073741824 | -15038
00000038 | 0 | 0 | FCA479F0 | 65536 | 67323 | 1787 | 150 | 11614 | 0 | -31432 | 644245094 | 1073741824 | -12177
00000038 | 1 | 0 | 0381788B | 73400 | 70811 | 2589 | 3573 | 13363 | 0 | -3183 | 644245094 | 1073741824 | -14342
00000038 | 2 | 0 | 011830EE | 65536 | 70675 | 5139 | 211 | 14569 | 151 | 20107 | 644286816 | 1071646208 | -13701
00000038 | 3 | 0 | FED93E31 | 65536 | 69115 | 3579 | 182 | 10109 | 0 | -27626 | 644245094 | 1073741824 | -13009
00000038 | 4 | 3 | BB5C5FCF | 69468 | 69467 | 1 | 118 | 5437 | 0 | -49259 | 644245094 | 1073741824 | -2329
00000038 | 5 | 3 | BB5F410B | 69468 | 69467 | 1 | 118 | 5417 | 0 | -25899 | 644245094 | 1073741824 | -2329
00000038 | 6 | 3 | D0CC4E00 | 69468 | 69604 | 136 | 120 | 7011 | 0 | -17825 | 644245094 | 1073741824 | -8341
00000038 | 7 | 3 | CF1E1FDC | 69468 | 69467 | 1 | 118 | 5646 | 0 | -15844 | 644245094 | 1073741824 | -7583
00000038 | 8 | 0 | 04FEAEC1 | 73400 | 70647 | 2753 | 3576 | 9130 | 0 | 10840 | 644245094 | 1073741824 | -13479
00000038 | 9 | 0 | 0502AB50 | 73400 | 70647 | 2753 | 3576 | 9137 | 0 | -29416 | 644245094 | 1073741824 | -13484
00000038 | 10 | 1 | 07A04F07 | 69468 | 72105 | 2637 | 165 | 15432 | 1014 | 18350 | 644484993 | 1052968755 | -13882
00000038 | 11 | 1 | 060E5E48 | 69468 | 69469 | 1 | 118 | 6889 | 0 | 41645 | 644245094 | 1073741824 | -13473
00000038 | 12 | 1 | 0DEF9858 | 77332 | 74214 | 3118 | 3582 | 17559 | 3141 | 25412 | 645256841 | 1010644170 | -13196
00000038 | 13 | 1 | 0D31E68A | 69468 | 69469 | 1 | 118 | 6208 | 0 | 1110 | 644245094 | 1073741824 | -13548
00000038 | 14 | 1 | 151664CD | 69468 | 69469 | 1 | 118 | 7076 | 0 | -34039 | 644245094 | 1073741824 | -14935
00000038 | 15 | 1 | 15AF9196 | 69468 | 69472 | 4 | 118 | 7232 | 0 | 13368 | 644245094 | 1073741824 | -15106
00000039 | 0 | 0 | F7BCE729 | 65536 | 66787 | 1251 | 141 | 11163 | 0 | -30879 | 644245094 | 1073741824 | -12551
00000039 | 1 | 0 | FDCD10AB | 73400 | 71588 | 1812 | 3559 | 16112 | 1694 | -171 | 644245094 | 1038667194 | -14126
00000039 | 2 | 0 | FB62831B | 65536 | 69133 | 3597 | 183 | 13786 | 0 | 17801 | 644245094 | 1073741824 | -13987
00000039 | 3 | 0 | F97B6ADF | 65536 | 68041 | 2505 | 163 | 9864 | 0 | -28804 | 644245094 | 1073741824 | -13369
00000039 | 4 | 3 | BC4C0FC5 | 69468 | 69467 | 1 | 118 | 5458 | 0 | -49377 | 644245094 | 1073741824 | -3317
00000039 | 5 | 3 | BC4EC842 | 69468 | 69467 | 1 | 118 | 5440 | 0 | -27249 | 644245094 | 1073741824 | -3318
00000039 | 6 | 3 | CE5EF6BB | 69468 | 69563 | 95 | 120 | 6863 | 0 | -21188 | 644245094 | 1073741824 | -8733
00000039 | 7 | 3 | CD12D2B0 | 69468 | 69467 | 1 | 118 | 5667 | 0 | -17338 | 644245094 | 1073741824 | -8111
00000039 | 8 | 0 | FF85F5C1 | 65536 | 69114 | 3578 | 182 | 8912 | 0 | 15148 | 644245094 | 1073741824 | -13603
00000039 | 9 | 0 | FF89C992 | 65536 | 69114 | 3578 | 182 | 8918 | 0 | -31743 | 644245094 | 1073741824 | -13604
00000039 | 10 | 0 | 0263E7E1 | 73400 | 72494 | 906 | 3542 | 17846 | 3428 | 15861 | 644933499 | 1006703081 | -13426
00000039 | 11 | 0 | 00BFFB19 | 73400 | 70648 | 2752 | 3576 | 10404 | 0 | 45187 | 644245094 | 1073741824 | -13429
00000039 | 12 | 1 | 087E5A4C | 69468 | 72790 | 3322 | 178 | 16357 | 1939 | 28060 | 644933499 | 1034616827 | -13776
00000039 | 13 | 1 | 079652AD | 69468 | 69469 | 1 | 118 | 6364 | 0 | -121 | 644245094 | 1073741824 | -13843
00000039 | 14 | 1 | 0EB6BCBE | 69468 | 69469 | 1 | 118 | 6987 | 0 | -38659 | 644245094 | 1073741824 | -15075
00000039 | 15 | 1 | 0F378FBF | 69468 | 69471 | 3 | 118 | 7123 | 0 | 12204 | 644245094 | 1073741824 | -15228
00000040 | 0 | 0 | F235DB3B | 65536 | 66412 | 876 | 134 | 10802 | 0 | -22296 | 644245094 | 1073741824 | -13073
00000040 | 1 | 0 | F76F7A47 | 65536 | 69772 | 4236 | 194 | 15192 | 774 | 2036 | 644265955 | 1057090967 | -14622
00000040 | 2 | 0 | F52CB6A2 | 65536 | 68054 | 2518 | 163 | 13073 | 0 | 20197 | 644245094 | 1073741824 | -14269
00000040 | 3 | 0 | F393C389 | 65536 | 67289 | 1753 | 150 | 9628 | 0 | -25797 | 644245094 | 1073741824 | -13732
00000040 | 4 | 3 | BC552229 | 69468 | 69467 | 1 | 118 | 5479 | 0 | -42089 | 644245094 | 1073741824 | -4308
00000040 | 5 | 3 | BC5737AC | 69468 | 69467 | 1 | 118 | 5463 | 0 | -19545 | 644245094 | 1073741824 | -4312
00000040 | 6 | 3 | CB8725F3 | 77332 | 71894 | 5438 | 3624 | 10239 | 0 | -23607 | 644245094 | 1073741824 | -9083
00000040 | 7 | 3 | CA7381E8 | 69468 | 69467 | 1 | 118 | 5686 | 0 | -16536 | 644245094 | 1073741824 | -8583
00000040 | 8 | 0 | F99F6BA0 | 65536 | 68041 | 2505 | 163 | 8717 | 0 | 17004 | 644245094 | 1073741824 | -13770
00000040 | 9 | 0 | F9A2C536 | 65536 | 68041 | 2505 | 163 | 8723 | 0 | -27901 | 644245094 | 1073741824 | -13773
00000040 | 10 | 0 | FC848737 | 65536 | 70407 | 4871 | 206 | 16729 | 2311 | 12912 | 644620588 | 1026563417 | -13867
00000040 | 11 | 0 | FAEEED5D | 65536 | 69114 | 3578 | 182 | 10193 | 0 | 30974 | 644245094 | 1073741824 | -13700
00000040 | 12 | 0 | 02F9B186 | 73400 | 72973 | 427 | 3534 | 18649 | 4231 | 32342 | 645986967 | 991091815 | -13451
00000040 | 13 | 0 | 01C23ED0 | 73400 | 70648 | 2752 | 3576 | 9945 | 0 | -4006 | 644245094 | 1073741824 | -13811
00000040 | 14 | 1 | 0802690E | 69468 | 69469 | 1 | 118 | 6908 | 0 | -28245 | 644245094 | 1073741824 | -15149
00000040 | 15 | 1 | 086EB420 | 69468 | 69470 | 2 | 118 | 7027 | 0 | 10423 | 644245094 | 1073741824 | -15278
00000041 | 0 | 3 | EC83ADC5 | 77332 | 69688 | 7644 | 3664 | 13994 | 0 | -15000 | 644245094 | 1073741824 | -13540
00000041 | 1 | 0 | F0C1D5D3 | 65536 | 68501 | 2965 | 171 | 14343 | 0 | 3912 | 644245094 | 1073741824 | -15049
00000041 | 2 | 0 | EEC84844 | 65536 | 67299 | 1763 | 150 | 12419 | 0 | 22233 | 644245094 | 1073741824 | -14517
00000041 | 3 | 0 | ED7467EB | 65536 | 66763 | 1227 | 140 | 9395 | 0 | -23241 | 644245094 | 1073741824 | -14051
00000041 | 4 | 3 | BBC21303 | 69468 | 69467 | 1 | 118 | 5512 | 0 | -35894 | 644245094 | 1073741824 | -5289
00000041 | 5 | 3 | BBC3FFC8 | 69468 | 69467 | 1 | 118 | 5498 | 0 | -12997 | 644245094 | 1073741824 | -5290
00000041 | 6 | 3 | C86F08BA | 69468 | 71166 | 1698 | 149 | 9780 | 0 | -25663 | 644245094 | 1073741824 | -9444
00000041 | 7 | 3 | C78DD86D | 69468 | 69467 | 1 | 118 | 5765 | 0 | -15854 | 644245094 | 1073741824 | -9025
00000041 | 8 | 0 | F3941DB6 | 65536 | 67289 | 1753 | 150 | 8528 | 0 | 18582 | 644245094 | 1073741824 | -13956
00000041 | 9 | 0 | F397774C | 65536 | 67289 | 1753 | 150 | 8534 | 0 | -24635 | 644245094 | 1073741824 | -13956
00000041 | 10 | 0 | F6549E42 | 65536 | 68946 | 3410 | 179 | 15706 | 1288 | 10406 | 644411980 | 1046815558 | -14286
00000041 | 11 | 0 | F4E5D9DC | 65536 | 68041 | 2505 | 163 | 9971 | 0 | 18893 | 644245094 | 1073741824 | -13987
00000041 | 12 | 0 | FD01541B | 65536 | 70742 | 5206 | 212 | 17438 | 3020 | 35982 | 645632334 | 1014600687 | -14044
00000041 | 13 | 0 | FBC28F2F | 73400 | 71474 | 1926 | 3561 | 13171 | 0 | -7308 | 644245094 | 1073741824 | -14134
00000041 | 14 | 0 | 013F1F76 | 73400 | 70648 | 2752 | 3576 | 10316 | 0 | -19393 | 644245094 | 1073741824 | -15314
00000041 | 15 | 1 | 018D55FB | 69468 | 69469 | 1 | 118 | 6962 | 0 | 8909 | 644245094 | 1073741824 | -15432
00000042 | 0 | 3 | E6C6D67B | 69468 | 69622 | 154 | 121 | 13285 | 0 | -8798 | 644245094 | 1073741824 | -13603
00000042 | 1 | 3 | EA97D062 | 77332 | 71150 | 6182 | 3637 | 17107 | 2689 | 5506 | 644432841 | 1020564524 | -14381
00000042 | 2 | 3 | E89B3CB1 | 77332 | 70309 | 7023 | 3652 | 15344 | 926 | 23964 | 644526714 | 1055027847 | -14349
00000042 | 3 | 3 | E76A5FF4 | 77332 | 69934 | 7398 | 3659 | 12705 | 0 | -21068 | 644245094 | 1073741824 | -14107
00000042 | 4 | 3 | BA9173A3 | 69468 | 69467 | 1 | 118 | 5543 | 0 | -30628 | 644245094 | 1073741824 | -6279
00000042 | 5 | 3 | BA936068 | 69468 | 69467 | 1 | 118 | 5531 | 0 | -7431 | 644245094 | 1073741824 | -6279
00000042 | 6 | 3 | C516F08D | 69468 | 70657 | 1189 | 139 | 9364 | 0 | -27411 | 644245094 | 1073741824 | -9815
00000042 | 7 | 3 | C4627938 | 69468 | 69467 | 1 | 118 | 5830 | 0 | -15275 | 644245094 | 1073741824 | -9463
00000042 | 8 | 0 | ED6C0131 | 65536 | 66763 | 1227 | 140 | 8349 | 0 | 19923 | 644245094 | 1073741824 | -14106
00000042 | 9 | 0 | ED6F3209 | 65536 | 66763 | 1227 | 140 | 8353 | 0 | -21859 | 644245094 | 1073741824 | -14107
00000042 | 10 | 0 | EFDFA28C | 65536 | 67923 | 2387 | 161 | 14775 | 357 | 8275 | 644286816 | 1067467237 | -14658
00000042 | 11 | 0 | EEAF18EC | 65536 | 67289 | 1753 | 150 | 9746 | 0 | 8624 | 644245094 | 1073741824 | -14229
00000042 | 12 | 0 | F6B35698 | 65536 | 69180 | 3644 | 184 | 16399 | 1981 | 39076 | 645225550 | 1034616827 | -14489
00000042 | 13 | 0 | F584534C | 65536 | 69693 | 4157 | 193 | 12675 | 0 | -10115 | 644245094 | 1073741824 | -14420
00000042 | 14 | 0 | FA58A985 | 65536 | 69114 | 3578 | 182 | 9972 | 0 | -11869 | 644245094 | 1073741824 | -15443
00000042 | 15 | 0 | FAA7FD3E | 73400 | 70648 | 2752 | 3576 | 10432 | 0 | 7622 | 644245094 | 1073741824 | -15528
00000043 | 0 | 3 | E0D0393E | 69468 | 69576 | 108 | 120 | 12727 | 0 | -3527 | 644245094 | 1073741824 | -13963
00000043 | 1 | 3 | E4241A9F | 69468 | 70645 | 1177 | 139 | 16090 | 1672 | 6861 | 644391119 | 1040698319 | -14814
00000043 | 2 | 3 | E22EB066 | 69468 | 70057 | 589 | 129 | 14504 | 86 | 25435 | 644276385 | 1071646208 | -14733
00000043 | 3 | 3 | E1320795 | 69468 | 69794 | 326 | 124 | 12190 | 0 | -19221 | 644245094 | 1073741824 | -14389
00000043 | 4 | 3 | B8D49D18 | 69468 | 69467 | 1 | 118 | 5580 | 0 | -26152 | 644245094 | 1073741824 | -7160
00000043 | 5 | 3 | B8D6611E | 69468 | 69467 | 1 | 118 | 5570 | 0 | -2700 | 644245094 | 1073741824 | -7161
00000043 | 6 | 3 | C1879E53 | 69468 | 70300 | 832 | 133 | 8999 | 0 | -28896 | 644245094 | 1073741824 | -10141
00000043 | 7 | 3 | C0F83C44 | 69468 | 69467 | 1 | 118 | 5892 | 0 | -14783 | 644245094 | 1073741824 | -9858
00000043 | 8 | 3 | E75AA704 | 77332 | 69934 | 7398 | 3659 | 11705 | 0 | 21063 | 644245094 | 1073741824 | -14153
00000043 | 9 | 3 | E75DAF1E | 77332 | 69934 | 7398 | 3659 | 11708 | 0 | -19500 | 644245094 | 1073741824 | -14154
00000043 | 10 | 3 | E9EEC014 | 77332 | 70746 | 6586 | 3645 | 17428 | 3010 | 6464 | 644495423 | 1014600687 | -13998
00000043 | 11 | 3 | E8AC3A6C | 77332 | 70302 | 7030 | 3653 | 13035 | 0 | -105 | 644245094 | 1073741824 | -14084
00000043 | 12 | 0 | F0222F41 | 65536 | 68087 | 2551 | 164 | 15457 | 1039 | 41706 | 644797904 | 1052968755 | -14845
00000043 | 13 | 0 | EF15B556 | 65536 | 68446 | 2910 | 170 | 12204 | 0 | -12501 | 644245094 | 1073741824 | -14650
00000043 | 14 | 0 | F35C1435 | 65536 | 68041 | 2505 | 163 | 9706 | 0 | -5474 | 644245094 | 1073741824 | -15517
00000043 | 15 | 0 | F3A7E792 | 65536 | 69114 | 3578 | 182 | 10128 | 0 | 6528 | 644245094 | 1073741824 | -15604
00000044 | 0 | 3 | DAAB7457 | 69468 | 69544 | 76 | 119 | 12207 | 0 | 954 | 644245094 | 1073741824 | -14251
00000044 | 1 | 3 | DD792ACF | 69468 | 70292 | 824 | 133 | 15164 | 746 | 8013 | 644318107 | 1059158120 | -15139
00000044 | 2 | 3 | DBAB61C2 | 69468 | 69880 | 412 | 125 | 13737 | 0 | 26686 | 644245094 | 1073741824 | -14866
00000044 | 3 | 3 | DADEF246 | 69468 | 69696 | 228 | 122 | 11709 | 0 | -17651 | 644245094 | 1073741824 | -14552
00000044 | 4 | 3 | B694CA83 | 69468 | 69467 | 1 | 118 | 5614 | 0 | -22348 | 644245094 | 1073741824 | -7983
00000044 | 5 | 3 | B69665CB | 69468 | 69467 | 1 | 118 | 5605 | 0 | 1321 | 644245094 | 1073741824 | -7984
00000044 | 6 | 3 | BDC18C46 | 69468 | 70050 | 582 | 128 | 8670 | 0 | -30159 | 644245094 | 1073741824 | -10470
00000044 | 7 | 3 | BD51AD76 | 69468 | 69467 | 1 | 118 | 5941 | 0 | -14364 | 644245094 | 1073741824 | -10237
00000044 | 8 | 3 | E137F3C8 | 69468 | 69794 | 326 | 124 | 11251 | 0 | 22032 | 644245094 | 1073741824 | -14253
00000044 | 9 | 3 | E13AD324 | 69468 | 69794 | 326 | 124 | 11254 | 0 | -17494 | 644245094 | 1073741824 | -14254
00000044 | 10 | 3 | E3BFF453 | 69468 | 70363 | 895 | 134 | 16371 | 1953 | 4925 | 644370259 | 1034616827 | -14364
00000044 | 11 | 3 | E2898730 | 69468 | 70052 | 584 | 129 | 12522 | 0 | -7525 | 644245094 | 1073741824 | -14269
00000044 | 12 | 3 | EA1BD064 | 77332 | 70861 | 6471 | 3643 | 18097 | 3679 | 43941 | 646299879 | 1000820246 | -14139
00000044 | 13 | 3 | E8FC147E | 77332 | 71112 | 6220 | 3638 | 15245 | 827 | -14529 | 644088638 | 1057090967 | -14276
00000044 | 14 | 0 | EC611655 | 65536 | 67289 | 1753 | 150 | 9458 | 0 | -38 | 644245094 | 1073741824 | -15462
00000044 | 15 | 0 | ECA68BF3 | 65536 | 68041 | 2505 | 163 | 9841 | 0 | 5598 | 644245094 | 1073741824 | -15547
00000045 | 0 | 3 | D462B75F | 69468 | 69521 | 53 | 119 | 11721 | 0 | 4763 | 644245094 | 1073741824 | -14476
00000045 | 1 | 3 | D6A8AB7E | 69468 | 70045 | 577 | 128 | 14318 | 0 | 8992 | 644245094 | 1073741824 | -15361
00000045 | 2 | 3 | D51CC652 | 69468 | 69756 | 288 | 123 | 13036 | 0 | 27749 | 644245094 | 1073741824 | -14929
00000045 | 3 | 3 | D478EC78 | 69468 | 69628 | 160 | 121 | 11260 | 0 | -16317 | 644245094 | 1073741824 | -14667
00000045 | 4 | 3 | B3DFFD56 | 69468 | 69467 | 1 | 118 | 5642 | 0 | -19114 | 644245094 | 1073741824 | -8718
00000045 | 5 | 3 | B3E11E63 | 69468 | 69467 | 1 | 118 | 5634 | 0 | 4739 | 644245094 | 1073741824 | -8721
00000045 | 6 | 3 | B9C8DDBD | 69468 | 69875 | 407 | 125 | 8372 | 0 | -31232 | 644245094 | 1073741824 | -10777
00000045 | 7 | 3 | B9886C8A | 77332 | 71827 | 5505 | 3625 | 9484 | 0 | -14008 | 644245094 | 1073741824 | -10596
00000045 | 8 | 3 | DB11C030 | 69468 | 69696 | 228 | 122 | 10833 | 0 | 22856 | 644245094 | 1073741824 | -14270
00000045 | 9 | 3 | DB142551 | 69468 | 69696 | 228 | 122 | 10836 | 0 | -15789 | 644245094 | 1073741824 | -14273
00000045 | 10 | 3 | DE03C003 | 77332 | 72454 | 4878 | 3614 | 18899 | 4481 | 3617 | 644453702 | 985300206 | -13769
00000045 | 11 | 3 | DC804AF1 | 69468 | 69877 | 409 | 125 | 12042 | 0 | -13832 | 644245094 | 1073741824 | -14098
00000045 | 12 | 3 | E3C3F4C6 | 69468 | 70443 | 975 | 136 | 16998 | 2580 | 45841 | 645747068 | 1022560250 | -14626
00000045 | 13 | 3 | E29BF234 | 69468 | 70619 | 1151 | 139 | 14506 | 88 | -16253 | 644224233 | 1071646208 | -14689
00000045 | 14 | 0 | E55A516D | 65536 | 66763 | 1227 | 140 | 9239 | 0 | 4583 | 644245094 | 1073741824 | -15505
00000045 | 15 | 0 | E5984C17 | 65536 | 67289 | 1753 | 150 | 9585 | 0 | 4808 | 644245094 | 1073741824 | -15583
00000046 | 0 | 3 | CE04CF7E | 69468 | 69505 | 37 | 119 | 11271 | 0 | 8000 | 644245094 | 1073741824 | -14608
00000046 | 1 | 3 | CFDA8F55 | 69468 | 69872 | 404 | 125 | 13549 | 0 | 9824 | 644245094 | 1073741824 | -15335
00000046 | 2 | 3 | CE891315 | 69468 | 69670 | 202 | 122 | 12399 | 0 | 28653 | 644245094 | 1073741824 | -14956
00000046 | 3 | 3 | CE055F74 | 69468 | 69580 | 112 | 120 | 10843 | 0 | -15183 | 644245094 | 1073741824 | -14749
00000046 | 4 | 3 | B0C2C851 | 69468 | 69467 | 1 | 118 | 5677 | 0 | -16365 | 644245094 | 1073741824 | -9374
00000046 | 5 | 3 | B0C3E95E | 69468 | 69467 | 1 | 118 | 5670 | 0 | 7645 | 644245094 | 1073741824 | -9374
00000046 | 6 | 3 | B5A13BD2 | 69468 | 69753 | 285 | 123 | 8166 | 0 | -32144 | 644245094 | 1073741824 | -11065
00000046 | 7 | 3 | B57E8DB0 | 69468 | 71119 | 1651 | 148 | 9165 | 0 | -13706 | 644245094 | 1073741824 | -10960
00000046 | 8 | 3 | D4DA8505 | 69468 | 69628 | 160 | 121 | 10457 | 0 | 23556 | 644245094 | 1073741824 | -14373
00000046 | 9 | 3 | D4DC6FEB | 69468 | 69628 | 160 | 121 | 10460 | 0 | -14340 | 644245094 | 1073741824 | -14376
00000046 | 10 | 3 | D7F23D18 | 69468 | 71558 | 2090 | 156 | 17685 | 3267 | 2505 | 644349398 | 1008671701 | -14251
00000046 | 11 | 3 | D655A286 | 69468 | 69754 | 286 | 123 | 11651 | 0 | -19193 | 644245094 | 1073741824 | -14301
00000046 | 12 | 3 | DD2940D1 | 69468 | 70150 | 682 | 130 | 15997 | 1579 | 47456 | 645194258 | 1042733417 | -15029
00000046 | 13 | 3 | DC12C00C | 69468 | 70274 | 806 | 133 | 13819 | 0 | -17718 | 644245094 | 1073741824 | -14926
00000046 | 14 | 3 | DE695A67 | 77332 | 69934 | 7398 | 3659 | 12553 | 0 | 8511 | 644245094 | 1073741824 | -15558
00000046 | 15 | 3 | DE9EE5A7 | 77332 | 70302 | 7030 | 3653 | 12849 | 0 | 4136 | 644245094 | 1073741824 | -15633
00000047 | 0 | 3 | C7E0AD91 | 69468 | 69494 | 26 | 118 | 10849 | 0 | 10752 | 644245094 | 1073741824 | -14702
00000047 | 1 | 3 | C95A1E14 | 69468 | 69751 | 283 | 123 | 12847 | 0 | 10532 | 644245094 | 1073741824 | -15298
00000047 | 2 | 3 | C83B670F | 69468 | 69609 | 141 | 121 | 11816 | 0 | 29421 | 644245094 | 1073741824 | -14970
00000047 | 3 | 3 | C7D1CD64 | 69468 | 69546 | 78 | 119 | 10453 | 0 | -14219 | 644245094 | 1073741824 | -14803
00000047 | 4 | 3 | AD903FA5 | 69468 | 69467 | 1 | 118 | 5706 | 0 | -14029 | 644245094 | 1073741824 | -9966
00000047 | 5 | 3 | AD9137F4 | 69468 | 69467 | 1 | 118 | 5699 | 0 | 10115 | 644245094 | 1073741824 | -9967
00000047 | 6 | 3 | B1942E19 | 69468 | 69667 | 199 | 122 | 7974 | 0 | -32919 | 644245094 | 1073741824 | -11351
00000047 | 7 | 3 | B1832A83 | 69468 | 70624 | 1156 | 139 | 8865 | 0 | -13449 | 644245094 | 1073741824 | -11297
00000047 | 8 | 3 | CEDBC9DB | 69468 | 69580 | 112 | 120 | 10111 | 0 | 24151 | 644245094 | 1073741824 | -14473
00000047 | 9 | 3 | CEDD11C7 | 69468 | 69580 | 112 | 120 | 10114 | 0 | -13108 | 644245094 | 1073741824 | -14477
00000047 | 10 | 3 | D1E2A319 | 69468 | 70931 | 1463 | 144 | 16583 | 2165 | 1560 | 644286816 | 1030582255 | -14660
00000047 | 11 | 3 | D05578AA | 69468 | 69668 | 200 | 122 | 11280 | 0 | -23750 | 644245094 | 1073741824 | -14487
00000047 | 12 | 3 | D6A69527 | 69468 | 69945 | 477 | 127 | 15109 | 691 | 48829 | 644672740 | 1059158120 | -15324
00000047 | 13 | 3 | D5B55266 | 69468 | 70032 | 564 | 128 | 13204 | 0 | -18964 | 644245094 | 1073741824 | -15095
00000047 | 14 | 3 | D7B74120 | 69468 | 69794 | 326 | 124 | 12028 | 0 | 11849 | 644245094 | 1073741824 | -15612
00000047 | 15 | 3 | D7E5CBA8 | 69468 | 70052 | 584 | 129 | 12292 | 0 | 3565 | 644245094 | 1073741824 | -15672
00000048 | 0 | 3 | C16A1A6C | 69468 | 69486 | 18 | 118 | 10453 | 0 | 14329 | 644245094 | 1073741824 | -14762
00000048 | 1 | 3 | C29725F9 | 69468 | 69666 | 198 | 122 | 12205 | 0 | 12928 | 644245094 | 1073741824 | -15253
00000048 | 2 | 3 | C1A33F00 | 69468 | 69567 | 99 | 120 | 11280 | 0 | 24837 | 644245094 | 1073741824 | -14978
00000048 | 3 | 3 | C15067AD | 69468 | 69523 | 55 | 119 | 10086 | 0 | -3353 | 644245094 | 1073741824 | -14832
00000048 | 4 | 3 | A9C04F7D | 69468 | 69467 | 1 | 118 | 5724 | 0 | -4729 | 644245094 | 1073741824 | -10497
00000048 | 5 | 3 | A9C147CC | 69468 | 69467 | 1 | 118 | 5719 | 0 | 12223 | 644245094 | 1073741824 | -10497
00000048 | 6 | 3 | AD1182CE | 69468 | 69607 | 139 | 121 | 7791 | 0 | -25632 | 644245094 | 1073741824 | -11628
00000048 | 7 | 3 | AD0B290B | 69468 | 70277 | 809 | 133 | 8583 | 0 | -17623 | 644245094 | 1073741824 | -11601
00000048 | 8 | 3 | C88416FB | 69468 | 69546 | 78 | 119 | 9785 | 0 | 12237 | 644245094 | 1073741824 | -14572
00000048 | 9 | 3 | C8850D6A | 69468 | 69546 | 78 | 119 | 9788 | 0 | -4085 | 644245094 | 1073741824 | -14574
00000048 | 10 | 3 | CB4F4159 | 69468 | 70492 | 1024 | 136 | 15576 | 1158 | -3423 | 644192942 | 1050913681 | -15003
00000048 | 11 | 3 | C9EEA724 | 69468 | 69608 | 140 | 121 | 10920 | 0 | -21216 | 644245094 | 1073741824 | -14670
00000048 | 12 | 3 | CFB42F6F | 69468 | 69802 | 334 | 124 | 14293 | 0 | 40965 | 644245094 | 1073741824 | -15559
00000048 | 13 | 3 | CEF3F1BB | 69468 | 69863 | 395 | 125 | 12627 | 0 | -19727 | 644245094 | 1073741824 | -15255
00000048 | 14 | 3 | D0B4F10A | 69468 | 69696 | 228 | 122 | 11537 | 0 | 17614 | 644245094 | 1073741824 | -15653
00000048 | 15 | 3 | D0DC009F | 69468 | 69877 | 409 | 125 | 11771 | 0 | 5811 | 644245094 | 1073741824 | -15710
00000049 | 0 | 3 | BAEC0C53 | 69468 | 69481 | 13 | 118 | 10081 | 0 | 17370 | 644245094 | 1073741824 | -14809
00000049 | 1 | 3 | BBDA62DF | 69468 | 69607 | 139 | 121 | 11617 | 0 | 14964 | 644245094 | 1073741824 | -15210
00000049 | 2 | 3 | BB0CD71F | 69468 | 69537 | 69 | 119 | 10787 | 0 | 20941 | 644245094 | 1073741824 | -14965
00000049 | 3 | 3 | BACB301D | 69468 | 69506 | 38 | 119 | 9742 | 0 | 5883 | 644245094 | 1073741824 | -14855
00000049 | 4 | 3 | A5A591CF | 69468 | 69467 | 1 | 118 | 5735 | 0 | 3176 | 644245094 | 1073741824 | -10967
00000049 | 5 | 3 | A5A66160 | 69468 | 69467 | 1 | 118 | 5731 | 0 | 14014 | 644245094 | 1073741824 | -10968
00000049 | 6 | 3 | A86458F4 | 69468 | 69565 | 97 | 120 | 7618 | 0 | -19438 | 644245094 | 1073741824 | -11893
00000049 | 7 | 3 | A8633FBC | 69468 | 70034 | 566 | 128 | 8318 | 0 | -21171 | 644245094 | 1073741824 | -11888
00000049 | 8 | 3 | C21D4575 | 69468 | 69523 | 55 | 119 | 9478 | 0 | 2110 | 644245094 | 1073741824 | -14665
00000049 | 9 | 3 | C21E64A3 | 69468 | 69523 | 55 | 119 | 9481 | 0 | 3584 | 644245094 | 1073741824 | -14664
00000049 | 10 | 3 | C48D8F31 | 69468 | 70185 | 717 | 131 | 14657 | 239 | -7658 | 644224233 | 1069554681 | -15276
00000049 | 11 | 3 | C36C9E73 | 69468 | 69566 | 98 | 120 | 10572 | 0 | -19062 | 644245094 | 1073741824 | -14839
00000049 | 12 | 3 | C8C083C4 | 69468 | 69702 | 234 | 122 | 13544 | 0 | 34281 | 644245094 | 1073741824 | -15561
00000049 | 13 | 3 | C8274443 | 69468 | 69744 | 276 | 123 | 12087 | 0 | -20375 | 644245094 | 1073741824 | -15318
00000049 | 14 | 3 | C9B08F4A | 69468 | 69628 | 160 | 121 | 11079 | 0 | 22514 | 644245094 | 1073741824 | -15662
00000049 | 15 | 3 | C9D1411F | 69468 | 69754 | 286 | 123 | 11285 | 0 | 7720 | 644245094 | 1073741824 | -15709
00000050 | 0 | 3 | B46960A9 | 69468 | 69477 | 9 | 118 | 9732 | 0 | 19955 | 644245094 | 1073741824 | -14837
00000050 | 1 | 3 | B5256C35 | 69468 | 69565 | 97 | 120 | 11078 | 0 | 16695 | 644245094 | 1073741824 | -15159
00000050 | 2 | 3 | B478582B | 69468 | 69516 | 48 | 119 | 10334 | 0 | 17629 | 644245094 | 1073741824 | -14952
00000050 | 3 | 3 | B444611D | 69468 | 69495 | 27 | 118 | 9418 | 0 | 13734 | 644245094 | 1073741824 | -14865
00000050 | 4 | 3 | A15F0F9F | 77332 | 71827 | 5505 | 3625 | 9246 | 0 | 9895 | 644245094 | 1073741824 | -11383
00000050 | 5 | 3 | A1491CD8 | 69468 | 69467 | 1 | 118 | 5736 | 0 | 15537 | 644245094 | 1073741824 | -11385
00000050 | 6 | 3 | A38F3C71 | 69468 | 69536 | 68 | 119 | 7453 | 0 | -14173 | 644245094 | 1073741824 | -12142
00000050 | 7 | 3 | A3917AD7 | 69468 | 69864 | 396 | 125 | 8072 | 0 | -24187 | 644245094 | 1073741824 | -12141
00000050 | 8 | 0 | BBB716E9 | 73400 | 70686 | 2714 | 3575 | 12645 | 0 | -6498 | 644245094 | 1073741824 | -14731
00000050 | 9 | 3 | BBACE94A | 69468 | 69506 | 38 | 119 | 9192 | 0 | 10103 | 644245094 | 1073741824 | -14731
00000050 | 10 | 3 | BDC5050F | 69468 | 69970 | 502 | 127 | 13820 | 0 | -11258 | 644245094 | 1073741824 | -15306
00000050 | 11 | 3 | BCDE0303 | 69468 | 69537 | 69 | 119 | 10237 | 0 | -17231 | 644245094 | 1073741824 | -14916
00000050 | 12 | 3 | C1CDCC90 | 69468 | 69632 | 164 | 121 | 12857 | 0 | 28599 | 644245094 | 1073741824 | -15551
00000050 | 13 | 3 | C153E78F | 69468 | 69661 | 193 | 121 | 11582 | 0 | -20926 | 644245094 | 1073741824 | -15355
00000050 | 14 | 3 | C2AB8A90 | 69468 | 69580 | 112 | 120 | 10651 | 0 | 26679 | 644245094 | 1073741824 | -15663
00000050 | 15 | 0 | C2D1CE6C | 73400 | 70848 | 2552 | 3572 | 14283 | 0 | 9343 | 644245094 | 1073741824 | -15704
00000051 | 0 | 3 | ADE780B7 | 69468 | 69474 | 6 | 118 | 9412 | 0 | 22152 | 644245094 | 1073741824 | -14832
00000051 | 1 | 3 | AE7ACDE2 | 69468 | 69536 | 68 | 119 | 10591 | 0 | 18166 | 644245094 | 1073741824 | -15092
00000051 | 2 | 3 | ADE993FC | 69468 | 69502 | 34 | 119 | 9925 | 0 | 14814 | 644245094 | 1073741824 | -14915
00000051 | 3 | 3 | ADC01E03 | 69468 | 69487 | 19 | 118 | 9122 | 0 | 20408 | 644245094 | 1073741824 | -14848
00000051 | 4 | 3 | 9CD3F4EA | 69468 | 71119 | 1651 | 148 | 8905 | 0 | 15606 | 644245094 | 1073741824 | -11772
00000051 | 5 | 3 | 9CB35850 | 69468 | 69467 | 1 | 118 | 5803 | 0 | 16831 | 644245094 | 1073741824 | -11740
00000051 | 6 | 3 | 9E9627DD | 69468 | 69516 | 48 | 119 | 7315 | 0 | -9697 | 644245094 | 1073741824 | -12367
00000051 | 7 | 3 | 9E9AA0AC | 69468 | 69745 | 277 | 123 | 7860 | 0 | -26750 | 644245094 | 1073741824 | -12367
00000051 | 8 | 3 | B5922944 | 77332 | 72680 | 4652 | 3610 | 15502 | 1084 | -13814 | 644057347 | 1050913681 | -14441
00000051 | 9 | 3 | B54DBB76 | 69468 | 69495 | 27 | 118 | 8988 | 0 | 15644 | 644245094 | 1073741824 | -14616
00000051 | 10 | 3 | B70C654B | 69468 | 69819 | 351 | 124 | 13077 | 0 | -14318 | 644245094 | 1073741824 | -15197
00000051 | 11 | 3 | B65456A0 | 69468 | 69516 | 48 | 119 | 9937 | 0 | -15675 | 644245094 | 1073741824 | -14884
00000051 | 12 | 3 | BAEC45AC | 69468 | 69583 | 115 | 120 | 12245 | 0 | 23770 | 644245094 | 1073741824 | -15440
00000051 | 13 | 3 | BA8C7AA1 | 69468 | 69603 | 135 | 120 | 11130 | 0 | -21394 | 644245094 | 1073741824 | -15277
00000051 | 14 | 3 | BBD8D0D6 | 69468 | 69546 | 78 | 119 | 10321 | 0 | 30220 | 644245094 | 1073741824 | -15345
00000051 | 15 | 0 | BC53E911 | 73400 | 71614 | 1786 | 3558 | 16938 | 2520 | 10722 | 644589296 | 1022560250 | -14936
00000052 | 0 | 3 | A766953B | 69468 | 69472 | 4 | 118 | 9115 | 0 | 24019 | 644245094 | 1073741824 | -14826
00000052 | 1 | 3 | A7DA5F27 | 69468 | 69516 | 48 | 119 | 10148 | 0 | 19416 | 644245094 | 1073741824 | -15027
00000052 | 2 | 3 | A7608A93 | 69468 | 69492 | 24 | 118 | 9550 | 0 | 12421 | 644245094 | 1073741824 | -14878
00000052 | 3 | 3 | A74026FD | 69468 | 69481 | 13 | 118 | 8847 | 0 | 26080 | 644245094 | 1073741824 | -14821
00000052 | 4 | 3 | 9810ABB1 | 69468 | 70624 | 1156 | 139 | 8590 | 0 | 20461 | 644245094 | 1073741824 | -12095
00000052 | 5 | 3 | 97EDABF0 | 69468 | 69467 | 1 | 118 | 5855 | 0 | 17931 | 644245094 | 1073741824 | -12041
00000052 | 6 | 3 | 997D900A | 69468 | 69502 | 34 | 119 | 7186 | 0 | -5893 | 644245094 | 1073741824 | -12564
00000052 | 7 | 3 | 9983778A | 69468 | 69662 | 194 | 121 | 7665 | 0 | -28929 | 644245094 | 1073741824 | -12565
00000052 | 8 | 3 | AF2ED81A | 69468 | 71716 | 2248 | 158 | 14596 | 178 | -20033 | 644203372 | 1069554681 | -14775
00000052 | 9 | 3 | AEDE2909 | 69468 | 69487 | 19 | 118 | 8856 | 0 | 20354 | 644245094 | 1073741824 | -14718
00000052 | 10 | 3 | B058DD53 | 69468 | 69714 | 246 | 122 | 12417 | 0 | -16919 | 644245094 | 1073741824 | -15159
00000052 | 11 | 3 | AFC70123 | 69468 | 69502 | 34 | 119 | 9665 | 0 | -14352 | 644245094 | 1073741824 | -14906
00000052 | 12 | 3 | B41AFAA3 | 69468 | 69548 | 80 | 119 | 11699 | 0 | 19665 | 644245094 | 1073741824 | -15336
00000052 | 13 | 3 | B3CEEBCF | 69468 | 69562 | 94 | 120 | 10725 | 0 | -21792 | 644245094 | 1073741824 | -15213
00000052 | 14 | 3 | B53255D9 | 69468 | 69523 | 55 | 119 | 10072 | 0 | 33230 | 644245094 | 1073741824 | -15065
00000052 | 15 | 3 | B6435A9C | 77332 | 73329 | 4003 | 3598 | 19341 | 4923 | 11895 | 644996081 | 977630674 | -14352
00000053 | 0 | 3 | A0E792AC | 69468 | 69471 | 3 | 118 | 8838 | 0 | 25606 | 644245094 | 1073741824 | -14814
00000053 | 1 | 3 | A141BCDD | 69468 | 69502 | 34 | 119 | 9742 | 0 | 20479 | 644245094 | 1073741824 | -14977
00000053 | 2 | 3 | A0DB7BC1 | 69468 | 69485 | 17 | 118 | 9206 | 0 | 10387 | 644245094 | 1073741824 | -14853
00000053 | 3 | 3 | A0C26A61 | 69468 | 69477 | 9 | 118 | 8590 | 0 | 30902 | 644245094 | 1073741824 | -14806
00000053 | 4 | 3 | 931E97D5 | 69468 | 70277 | 809 | 133 | 8300 | 0 | 24587 | 644245094 | 1073741824 | -12368
00000053 | 5 | 3 | 92FC8C8A | 69468 | 69467 | 1 | 118 | 5892 | 0 | 18866 | 644245094 | 1073741824 | -12314
00000053 | 6 | 3 | 9448525B | 69468 | 69492 | 24 | 118 | 7063 | 0 | -2659 | 644245094 | 1073741824 | -12743
00000053 | 7 | 3 | 944F0592 | 69468 | 69604 | 136 | 120 | 7484 | 0 | -30781 | 644245094 | 1073741824 | -12745
00000053 | 8 | 3 | A8B44A5D | 69468 | 71042 | 1574 | 146 | 13768 | 0 | -25319 | 644245094 | 1073741824 | -14880
00000053 | 9 | 3 | A866CA2C | 69468 | 69481 | 13 | 118 | 8717 | 0 | 24358 | 644245094 | 1073741824 | -14767
00000053 | 10 | 3 | A9A7B882 | 69468 | 69640 | 172 | 121 | 11817 | 0 | -19130 | 644245094 | 1073741824 | -15139
00000053 | 11 | 3 | A93493D9 | 69468 | 69492 | 24 | 118 | 9406 | 0 | -13228 | 644245094 | 1073741824 | -14937
00000053 | 12 | 3 | AD49D858 | 69468 | 69524 | 56 | 119 | 11209 | 0 | 16176 | 644245094 | 1073741824 | -15333
00000053 | 13 | 3 | AD0DDCA1 | 69468 | 69534 | 66 | 119 | 10357 | 0 | -22131 | 644245094 | 1073741824 | -15233
00000053 | 14 | 3 | AE7D5F2F | 69468 | 69506 | 38 | 119 | 9887 | 0 | 35788 | 644245094 | 1073741824 | -15155
00000053 | 15 | 3 | AFD83D02 | 69468 | 72171 | 2703 | 167 | 18046 | 3628 | 12892 | 644839626 | 1002777361 | -14851
00000054 | 0 | 3 | 9A6ACA86 | 69468 | 69470 | 2 | 118 | 8578 | 0 | 26955 | 644245094 | 1073741824 | -14800
00000054 | 1 | 3 | 9AB0440A | 69468 | 69492 | 24 | 118 | 9368 | 0 | 21383 | 644245094 | 1073741824 | -14931
00000054 | 2 | 3 | 9A5B333F | 69468 | 69480 | 12 | 118 | 8888 | 0 | 8658 | 644245094 | 1073741824 | -14823
00000054 | 3 | 3 | 9A4739AB | 69468 | 69474 | 6 | 118 | 8349 | 0 | 35000 | 644245094 | 1073741824 | -14790
00000054 | 4 | 3 | 8E043FD3 | 69468 | 70034 | 566 | 128 | 8032 | 0 | 28095 | 644245094 | 1073741824 | -12607
00000054 | 5 | 3 | 8DE53AAA | 69468 | 69467 | 1 | 118 | 5915 | 0 | 19661 | 644245094 | 1073741824 | -12554
00000054 | 6 | 3 | 8EF974F1 | 69468 | 69485 | 17 | 118 | 6945 | 0 | 89 | 644245094 | 1073741824 | -12904
00000054 | 7 | 3 | 8EFF5C70 | 69468 | 69563 | 95 | 120 | 7315 | 0 | -32355 | 644245094 | 1073741824 | -12914
00000054 | 8 | 3 | A2303002 | 69468 | 70570 | 1102 | 138 | 13012 | 0 | -29812 | 644245094 | 1073741824 | -14912
00000054 | 9 | 3 | A1EA0206 | 69468 | 69477 | 9 | 118 | 8571 | 0 | 27761 | 644245094 | 1073741824 | -14800
00000054 | 10 | 3 | A2F999D3 | 69468 | 69588 | 120 | 120 | 11268 | 0 | -21009 | 644245094 | 1073741824 | -15117
00000054 | 11 | 3 | A29E7D75 | 69468 | 69485 | 17 | 118 | 9156 | 0 | -12272 | 644245094 | 1073741824 | -14960
00000054 | 12 | 3 | A6783BD2 | 69468 | 69507 | 39 | 119 | 10755 | 0 | 13210 | 644245094 | 1073741824 | -15335
00000054 | 13 | 3 | A649F010 | 69468 | 69514 | 46 | 119 | 10010 | 0 | -22419 | 644245094 | 1073741824 | -15250
00000054 | 14 | 3 | A7BA8FD2 | 69468 | 69495 | 27 | 118 | 9690 | 0 | 37962 | 644245094 | 1073741824 | -15242
00000054 | 15 | 3 | A929529B | 69468 | 71360 | 1892 | 152 | 16864 | 2446 | 13739 | 644672740 | 1024559878 | -15228
00000055 | 0 | 3 | 9438CFE6 | 69468 | 69469 | 1 | 118 | 8333 | 0 | 28102 | 644245094 | 1073741824 | -14788
00000055 | 1 | 3 | 946FF67C | 69468 | 69485 | 17 | 118 | 9025 | 0 | 22151 | 644245094 | 1073741824 | -14879
00000055 | 2 | 3 | 9427A12F | 69468 | 69476 | 8 | 118 | 8595 | 0 | 7189 | 644245094 | 1073741824 | -14798
00000055 | 3 | 3 | 9417CAF1 | 69468 | 69472 | 4 | 118 | 8123 | 0 | 38484 | 644245094 | 1073741824 | -14772
00000055 | 4 | 3 | 890FA011 | 69468 | 69864 | 396 | 125 | 7785 | 0 | 31076 | 644245094 | 1073741824 | -12818
00000055 | 5 | 3 | 88F4BE3E | 69468 | 69467 | 1 | 118 | 5927 | 0 | 20337 | 644245094 | 1073741824 | -12768
00000055 | 6 | 3 | 89DA7F5F | 69468 | 69480 | 12 | 118 | 6832 | 0 | 2425 | 644245094 | 1073741824 | -13061
00000055 | 7 | 3 | 89DFECA2 | 69468 | 69534 | 66 | 119 | 7157 | 0 | -33693 | 644245094 | 1073741824 | -13067
00000055 | 8 | 3 | 9C4187F4 | 77332 | 72599 | 4733 | 3611 | 15800 | 1382 | -33631 | 643650562 | 1046815558 | -14553
00000055 | 9 | 3 | 9BC7A047 | 69468 | 69474 | 6 | 118 | 8420 | 0 | 30654 | 644245094 | 1073741824 | -14690
00000055 | 10 | 3 | 9CB3BA3D | 77332 | 71911 | 5421 | 3624 | 14269 | 0 | -22606 | 644245094 | 1073741824 | -15059
00000055 | 11 | 3 | 9C563AB8 | 69468 | 69480 | 12 | 118 | 8915 | 0 | -11460 | 644245094 | 1073741824 | -14929
00000055 | 12 | 3 | 9FF11B55 | 69468 | 69495 | 27 | 118 | 10334 | 0 | 10689 | 644245094 | 1073741824 | -15325
00000055 | 13 | 3 | 9FCCD66D | 69468 | 69500 | 32 | 119 | 9683 | 0 | -22663 | 644245094 | 1073741824 | -15262
00000055 | 14 | 3 | A1322962 | 69468 | 69487 | 19 | 118 | 9486 | 0 | 39810 | 644245094 | 1073741824 | -15332
00000055 | 15 | 3 | A28B1E49 | 69468 | 70792 | 1324 | 142 | 15787 | 1369 | 14459 | 644495423 | 1046815558 | -15547
00000056 | 0 | 3 | 8DC0F6CE | 69468 | 69469 | 1 | 118 | 8107 | 0 | 16997 | 644245094 | 1073741824 | -14769
00000056 | 1 | 3 | 8DEBB362 | 69468 | 69480 | 12 | 118 | 8712 | 0 | 27345 | 644245094 | 1073741824 | -14848
00000056 | 2 | 3 | 8DAE07E8 | 69468 | 69474 | 6 | 118 | 8327 | 0 | -1647 | 644245094 | 1073741824 | -14780
00000056 | 3 | 3 | 8DA20384 | 69468 | 69471 | 3 | 118 | 7914 | 0 | 38079 | 644245094 | 1073741824 | -14756
00000056 | 4 | 0 | 83BE36C1 | 73400 | 70925 | 2475 | 3571 | 11010 | 0 | 18388 | 644245094 | 1073741824 | -13006
00000056 | 5 | 0 | 83A7F27F | 73400 | 70647 | 2753 | 3576 | 9390 | 0 | 26735 | 644245094 | 1073741824 | -12961
00000056 | 6 | 0 | 846706EA | 73400 | 70656 | 2744 | 3575 | 10184 | 0 | 7610 | 644245094 | 1073741824 | -13204
00000056 | 7 | 0 | 846BF9F1 | 73400 | 70694 | 2706 | 3575 | 10469 | 0 | -27360 | 644245094 | 1073741824 | -13209
00000056 | 8 | 3 | 95C934A1 | 69468 | 71660 | 2192 | 157 | 14841 | 423 | -30432 | 644078208 | 1065383866 | -14903
00000056 | 9 | 3 | 954A3527 | 69468 | 69472 | 4 | 118 | 8345 | 0 | 33900 | 644245094 | 1073741824 | -14804
00000056 | 10 | 3 | 961811D2 | 69468 | 71178 | 1710 | 149 | 13479 | 0 | -24555 | 644245094 | 1073741824 | -15097
00000056 | 11 | 3 | 95BF589C | 69468 | 69476 | 8 | 118 | 8762 | 0 | -7884 | 644245094 | 1073741824 | -14964
00000056 | 12 | 3 | 991E619B | 69468 | 69487 | 19 | 118 | 9953 | 0 | 2684 | 644245094 | 1073741824 | -15341
00000056 | 13 | 3 | 99011D6B | 69468 | 69490 | 22 | 118 | 9383 | 0 | -26406 | 644245094 | 1073741824 | -15297
00000056 | 14 | 3 | 9A50CB3D | 69468 | 69481 | 13 | 118 | 9286 | 0 | 25600 | 644245094 | 1073741824 | -15433
00000056 | 15 | 3 | 9B78BB17 | 69468 | 70395 | 927 | 135 | 14817 | 399 | 6190 | 644276385 | 1065383866 | -15796
00000057 | 0 | 3 | 874A8C67 | 69468 | 69469 | 1 | 118 | 7912 | 0 | 7558 | 644245094 | 1073741824 | -14760
00000057 | 1 | 3 | 876A7669 | 69468 | 69476 | 8 | 118 | 8442 | 0 | 31760 | 644245094 | 1073741824 | -14828
00000057 | 2 | 0 | 87421E96 | 73400 | 70652 | 2748 | 3575 | 11553 | 0 | -9157 | 644245094 | 1073741824 | -14765
00000057 | 3 | 0 | 8739C34D | 73400 | 70650 | 2750 | 3576 | 11193 | 0 | 37735 | 644245094 | 1073741824 | -14742
00000057 | 4 | 0 | 7E424EE2 | 65536 | 69308 | 3772 | 186 | 10595 | 0 | 7604 | 644245094 | 1073741824 | -13176
00000057 | 5 | 0 | 7E2EE802 | 65536 | 69114 | 3578 | 182 | 9173 | 0 | 32173 | 644245094 | 1073741824 | -13147
00000057 | 6 | 1 | 7EF08853 | 77332 | 72659 | 4673 | 3610 | 13300 | 0 | 12018 | 644245094 | 1073741824 | -13343
00000057 | 7 | 1 | 7EF4AFA3 | 77332 | 72685 | 4647 | 3610 | 13549 | 0 | -21977 | 644245094 | 1073741824 | -13350
00000057 | 8 | 3 | 8F31D84A | 69468 | 71002 | 1534 | 146 | 13972 | 0 | -27713 | 644245094 | 1073741824 | -15059
00000057 | 9 | 3 | 8EC0DA41 | 69468 | 69471 | 3 | 118 | 8259 | 0 | 36659 | 644245094 | 1073741824 | -14879
00000057 | 10 | 3 | 8F75BA2B | 69468 | 70665 | 1197 | 140 | 12760 | 0 | -26211 | 644245094 | 1073741824 | -15108
00000057 | 11 | 3 | 8F25705F | 69468 | 69474 | 6 | 118 | 8610 | 0 | -4844 | 644245094 | 1073741824 | -14983
00000057 | 12 | 3 | 924A392F | 69468 | 69481 | 13 | 118 | 9605 | 0 | -4120 | 644245094 | 1073741824 | -15350
00000057 | 13 | 3 | 9233A43B | 69468 | 69483 | 15 | 118 | 9106 | 0 | -29588 | 644245094 | 1073741824 | -15308
00000057 | 14 | 3 | 93681AE2 | 69468 | 69477 | 9 | 118 | 9091 | 0 | 13521 | 644245094 | 1073741824 | -15478
00000057 | 15 | 3 | 9459222C | 69468 | 70117 | 649 | 130 | 13943 | 0 | -839 | 644245094 | 1073741824 | -15862
00000058 | 0 | 0 | 80E9C724 | 73400 | 70648 | 2752 | 3576 | 11223 | 0 | -465 | 644245094 | 1073741824 | -14695
00000058 | 1 | 0 | 810287AE | 73400 | 70653 | 2747 | 3575 | 11686 | 0 | 35513 | 644245094 | 1073741824 | -14740
00000058 | 2 | 0 | 80D2B4E8 | 65536 | 69117 | 3581 | 182 | 11108 | 0 | -15541 | 644245094 | 1073741824 | -14695
00000058 | 3 | 0 | 80CC19CD | 65536 | 69116 | 3580 | 182 | 10793 | 0 | 37443 | 644245094 | 1073741824 | -14684
00000058 | 4 | 0 | 78B86591 | 65536 | 68176 | 2640 | 166 | 10231 | 0 | -1563 | 644245094 | 1073741824 | -13196
00000058 | 5 | 0 | 78A804D2 | 65536 | 68041 | 2505 | 163 | 8984 | 0 | 36796 | 644245094 | 1073741824 | -13169
00000058 | 6 | 0 | 79C6E8ED | 73400 | 72881 | 519 | 3535 | 16069 | 1651 | 15765 | 644578866 | 1040698319 | -12874
00000058 | 7 | 0 | 79D050C8 | 73400 | 72900 | 500 | 3535 | 16287 | 1869 | -17401 | 643827879 | 1036640032 | -12842
00000058 | 8 | 3 | 8898E483 | 69468 | 70542 | 1074 | 137 | 13184 | 0 | -25402 | 644245094 | 1073741824 | -15041
00000058 | 9 | 3 | 88370520 | 69468 | 69470 | 2 | 118 | 8166 | 0 | 39005 | 644245094 | 1073741824 | -14882
00000058 | 10 | 3 | 88D36284 | 69468 | 70306 | 838 | 133 | 12107 | 0 | -27619 | 644245094 | 1073741824 | -15086
00000058 | 11 | 3 | 888CCE15 | 69468 | 69472 | 4 | 118 | 8460 | 0 | -2260 | 644245094 | 1073741824 | -14975
00000058 | 12 | 3 | 8B7BCB89 | 69468 | 69477 | 9 | 118 | 9287 | 0 | -9903 | 644245094 | 1073741824 | -15313
00000058 | 13 | 3 | 8B6A25A3 | 69468 | 69478 | 10 | 118 | 8851 | 0 | -32292 | 644245094 | 1073741824 | -15283
00000058 | 14 | 3 | 8C833C60 | 69468 | 69474 | 6 | 118 | 8901 | 0 | 3254 | 644245094 | 1073741824 | -15454
00000058 | 15 | 3 | 8D46963C | 69468 | 69922 | 454 | 126 | 13154 | 0 | -6813 | 644245094 | 1073741824 | -15768
00000059 | 0 | 0 | 7A7A0BF9 | 65536 | 69114 | 3578 | 182 | 10848 | 0 | -7285 | 644245094 | 1073741824 | -14697
00000059 | 1 | 0 | 7A8D11BD | 65536 | 69118 | 3582 | 182 | 11254 | 0 | 38703 | 644245094 | 1073741824 | -14733
00000059 | 2 | 0 | 7A5A38D6 | 65536 | 68043 | 2507 | 163 | 10715 | 0 | -20967 | 644245094 | 1073741824 | -14687
00000059 | 3 | 0 | 7A5586A8 | 65536 | 68042 | 2506 | 163 | 10439 | 0 | 37194 | 644245094 | 1073741824 | -14675
00000059 | 4 | 0 | 730ED043 | 65536 | 67384 | 1848 | 151 | 9915 | 0 | -9355 | 644245094 | 1073741824 | -13348
00000059 | 5 | 0 | 730175A5 | 65536 | 67289 | 1753 | 150 | 8822 | 0 | 40725 | 644245094 | 1073741824 | -13323
00000059 | 6 | 0 | 743C33E4 | 65536 | 70677 | 5141 | 211 | 15274 | 856 | 18950 | 644453702 | 1057090967 | -13351
00000059 | 7 | 0 | 744A1092 | 65536 | 70691 | 5155 | 211 | 15465 | 1047 | -13511 | 644067778 | 1052968755 | -13324
00000059 | 8 | 0 | 824B0FBF | 73400 | 71399 | 2001 | 3562 | 15902 | 1484 | -23437 | 643796588 | 1044772494 | -14621
00000059 | 9 | 0 | 81D0339A | 73400 | 70649 | 2751 | 3576 | 11526 | 0 | 40999 | 644245094 | 1073741824 | -14733
00000059 | 10 | 0 | 8259A07F | 73400 | 71234 | 2166 | 3565 | 14952 | 534 | -28816 | 644046917 | 1063304562 | -14887
00000059 | 11 | 0 | 820F3A37 | 73400 | 70650 | 2750 | 3576 | 11772 | 0 | -64 | 644245094 | 1073741824 | -14876
00000059 | 12 | 3 | 84B1D2B5 | 69468 | 69474 | 6 | 118 | 8998 | 0 | -14819 | 644245094 | 1073741824 | -15285
00000059 | 13 | 3 | 84A3AD2C | 69468 | 69475 | 7 | 118 | 8616 | 0 | -34591 | 644245094 | 1073741824 | -15263
00000059 | 14 | 3 | 85A2FB6F | 69468 | 69472 | 4 | 118 | 8716 | 0 | -5473 | 644245094 | 1073741824 | -15425
00000059 | 15 | 3 | 8640744D | 69468 | 69786 | 318 | 124 | 12443 | 0 | -11891 | 644245094 | 1073741824 | -15682
00000060 | 0 | 0 | 73FDE6CC | 65536 | 68041 | 2505 | 163 | 10486 | 0 | -13082 | 644245094 | 1073741824 | -14710
00000060 | 1 | 0 | 740CF1F9 | 65536 | 68043 | 2507 | 163 | 10841 | 0 | 41414 | 644245094 | 1073741824 | -14735
00000060 | 2 | 0 | 73DA934D | 65536 | 67291 | 1755 | 150 | 10343 | 0 | -25580 | 644245094 | 1073741824 | -14687
00000060 | 3 | 0 | 73D68419 | 65536 | 67290 | 1754 | 150 | 10101 | 0 | 36983 | 644245094 | 1073741824 | -14683
00000060 | 4 | 0 | 6D47F21F | 65536 | 66830 | 1294 | 141 | 9616 | 0 | -15978 | 644245094 | 1073741824 | -13499
00000060 | 5 | 0 | 6D3DEF1F | 65536 | 66763 | 1227 | 140 | 8659 | 0 | 44065 | 644245094 | 1073741824 | -13474
00000060 | 6 | 0 | 6E64F127 | 65536 | 69135 | 3599 | 183 | 14521 | 103 | 21657 | 644276385 | 1071646208 | -13740
00000060 | 7 | 0 | 6E743C87 | 65536 | 69144 | 3608 | 183 | 14688 | 270 | -10205 | 644213803 | 1067467237 | -13731
00000060 | 8 | 0 | 7BBDBA42 | 65536 | 69640 | 4104 | 192 | 15045 | 627 | -21767 | 644067778 | 1061229316 | -14914
00000060 | 9 | 0 | 7B47A46C | 65536 | 69115 | 3579 | 182 | 11206 | 0 | 42694 | 644245094 | 1073741824 | -14853
00000060 | 10 | 0 | 7BB1B6D0 | 65536 | 69525 | 3989 | 190 | 14201 | 0 | -29833 | 644245094 | 1073741824 | -15074
00000060 | 11 | 0 | 7B745D83 | 65536 | 69116 | 3580 | 182 | 11411 | 0 | 1803 | 644245094 | 1073741824 | -14968
00000060 | 12 | 0 | 7DF5B294 | 73400 | 70652 | 2748 | 3575 | 12201 | 0 | -18998 | 644245094 | 1073741824 | -15269
00000060 | 13 | 0 | 7DEAE4A9 | 73400 | 70653 | 2747 | 3575 | 11868 | 0 | -36545 | 644245094 | 1073741824 | -15248
00000060 | 14 | 0 | 7EDC08BD | 73400 | 70650 | 2750 | 3576 | 12007 | 0 | -12891 | 644245094 | 1073741824 | -15337
00000060 | 15 | 0 | 7F71B52A | 73400 | 70870 | 2530 | 3572 | 15264 | 846 | -16208 | 644067778 | 1057090967 | -15399
00000061 | 0 | 0 | 6D88999A | 65536 | 67289 | 1753 | 150 | 10141 | 0 | -18009 | 644245094 | 1073741824 | -14622
00000061 | 1 | 0 | 6D93D2EE | 65536 | 67291 | 1755 | 150 | 10452 | 0 | 43719 | 644245094 | 1073741824 | -14646
00000061 | 2 | 0 | 6D6428E6 | 65536 | 66764 | 1228 | 140 | 9993 | 0 | -29501 | 644245094 | 1073741824 | -14598
00000061 | 3 | 0 | 6D60E56A | 65536 | 66764 | 1228 | 140 | 9782 | 0 | 36803 | 644245094 | 1073741824 | -14593
00000061 | 4 | 1 | 67AB410E | 77332 | 69981 | 7351 | 3658 | 12859 | 0 | -21608 | 644245094 | 1073741824 | -13423
00000061 | 5 | 1 | 67A46CED | 77332 | 69934 | 7398 | 3659 | 12023 | 0 | 46904 | 644245094 | 1073741824 | -13400
00000061 | 6 | 1 | 69330B16 | 77332 | 71594 | 5738 | 3629 | 17281 | 2863 | 23958 | 645121246 | 1016584750 | -12848
00000061 | 7 | 1 | 694416A4 | 77332 | 71600 | 5732 | 3629 | 17427 | 3009 | -7395 | 643963474 | 1014600687 | -12838
00000061 | 8 | 0 | 750AD543 | 65536 | 68409 | 2873 | 170 | 14260 | 0 | -20348 | 644245094 | 1073741824 | -15076
00000061 | 9 | 0 | 74AB078A | 65536 | 68041 | 2505 | 163 | 10895 | 0 | 44134 | 644245094 | 1073741824 | -14914
00000061 | 10 | 0 | 7501AF34 | 65536 | 68328 | 2792 | 168 | 13511 | 0 | -30698 | 644245094 | 1073741824 | -15054
00000061 | 11 | 0 | 74CFA2B4 | 65536 | 68042 | 2506 | 163 | 11065 | 0 | 3390 | 644245094 | 1073741824 | -14965
00000061 | 12 | 0 | 772D2872 | 65536 | 69117 | 3581 | 182 | 11752 | 0 | -22550 | 644245094 | 1073741824 | -15255
00000061 | 13 | 0 | 77258966 | 65536 | 69118 | 3582 | 182 | 11459 | 0 | -38206 | 644245094 | 1073741824 | -15235
00000061 | 14 | 0 | 780013E1 | 65536 | 69116 | 3580 | 182 | 11627 | 0 | -19197 | 644245094 | 1073741824 | -15377
00000061 | 15 | 0 | 787B035E | 65536 | 69270 | 3734 | 185 | 14481 | 63 | -19877 | 644224233 | 1071646208 | -15554
00000062 | 0 | 1 | 67301B02 | 77332 | 70302 | 7030 | 3653 | 13339 | 0 | -22197 | 644245094 | 1073741824 | -14622
00000062 | 1 | 1 | 6737D3FA | 77332 | 70303 | 7029 | 3653 | 13611 | 0 | 45678 | 644245094 | 1073741824 | -14644
00000062 | 2 | 1 | 670C2489 | 77332 | 69934 | 7398 | 3659 | 13203 | 0 | -32834 | 644245094 | 1073741824 | -14597
00000062 | 3 | 1 | 6709328A | 77332 | 69934 | 7398 | 3659 | 13018 | 0 | 36650 | 644245094 | 1073741824 | -14595
00000062 | 4 | 1 | 61F687B1 | 69468 | 69827 | 359 | 124 | 12304 | 0 | -26393 | 644245094 | 1073741824 | -13564
00000062 | 5 | 1 | 61F0F984 | 69468 | 69794 | 326 | 124 | 11572 | 0 | 49317 | 644245094 | 1073741824 | -13554
00000062 | 6 | 1 | 63ABD66A | 69468 | 70956 | 1488 | 145 | 16337 | 1919 | 25914 | 644881347 | 1034616827 | -13346
00000062 | 7 | 1 | 63BCB939 | 69468 | 70960 | 1492 | 145 | 16464 | 2046 | -5006 | 644109499 | 1032597571 | -13347
00000062 | 8 | 0 | 6E509E0F | 65536 | 67547 | 2011 | 154 | 13535 | 0 | -19141 | 644245094 | 1073741824 | -15071
00000062 | 9 | 0 | 6E03C0D5 | 65536 | 67289 | 1753 | 150 | 10587 | 0 | 45358 | 644245094 | 1073741824 | -14936
00000062 | 10 | 0 | 6E4A7E21 | 65536 | 67490 | 1954 | 153 | 12871 | 0 | -31433 | 644245094 | 1073741824 | -15048
00000062 | 11 | 0 | 6E213288 | 65536 | 67290 | 1754 | 150 | 10728 | 0 | 4739 | 644245094 | 1073741824 | -14981
00000062 | 12 | 0 | 705AE8F3 | 65536 | 68043 | 2507 | 163 | 11321 | 0 | -25569 | 644245094 | 1073741824 | -15251
00000062 | 13 | 0 | 7054E157 | 65536 | 68043 | 2507 | 163 | 11065 | 0 | -39618 | 644245094 | 1073741824 | -15241
00000062 | 14 | 0 | 71199DF0 | 65536 | 68042 | 2506 | 163 | 11254 | 0 | -24557 | 644245094 | 1073741824 | -15378
00000062 | 15 | 0 | 717AEDB2 | 65536 | 68150 | 2614 | 165 | 13753 | 0 | -22996 | 644245094 | 1073741824 | -15546
00000063 | 0 | 1 | 611D7AE2 | 69468 | 70052 | 584 | 129 | 12751 | 0 | -25757 | 644245094 | 1073741824 | -14626
00000063 | 1 | 1 | 6122D0B3 | 69468 | 70052 | 584 | 129 | 12990 | 0 | 47343 | 644245094 | 1073741824 | -14641
00000063 | 2 | 1 | 60FAF31B | 69468 | 69794 | 326 | 124 | 12617 | 0 | -35667 | 644245094 | 1073741824 | -14601
00000063 | 3 | 1 | 60F87B57 | 69468 | 69794 | 326 | 124 | 12455 | 0 | 36520 | 644245094 | 1073741824 | -14598
00000063 | 4 | 1 | 5C734D9C | 69468 | 69719 | 251 | 123 | 11805 | 0 | -30461 | 644245094 | 1073741824 | -13705
00000063 | 5 | 1 | 5C6EDCA4 | 69468 | 69696 | 228 | 122 | 11163 | 0 | 51368 | 644245094 | 1073741824 | -13697
00000063 | 6 | 1 | 5E21ED19 | 69468 | 70510 | 1042 | 137 | 15477 | 1059 | 27576 | 644620588 | 1052968755 | -13794
00000063 | 7 | 1 | 5E322CEF | 69468 | 70512 | 1044 | 137 | 15588 | 1170 | -2976 | 644203372 | 1050913681 | -13799
00000063 | 8 | 1 | 685C63FA | 77332 | 70483 | 6849 | 3649 | 16375 | 1957 | -18115 | 643796588 | 1034616827 | -14461
00000063 | 9 | 1 | 67E9CE80 | 77332 | 70302 | 7030 | 3653 | 13800 | 0 | 46399 | 644245094 | 1073741824 | -14687
00000063 | 10 | 1 | 68404D6B | 77332 | 70443 | 6889 | 3650 | 15788 | 1370 | -32058 | 643681854 | 1046815558 | -14596
00000063 | 11 | 1 | 67FA84B5 | 77332 | 70303 | 7029 | 3653 | 13916 | 0 | 5886 | 644245094 | 1073741824 | -14767
00000063 | 12 | 0 | 69D1DF8A | 65536 | 67291 | 1755 | 150 | 10912 | 0 | -28135 | 644245094 | 1073741824 | -15204
00000063 | 13 | 0 | 69CC296B | 65536 | 67291 | 1755 | 150 | 10689 | 0 | -40818 | 644245094 | 1073741824 | -15202
00000063 | 14 | 0 | 6A7D7B49 | 65536 | 67290 | 1754 | 150 | 10892 | 0 | -29113 | 644245094 | 1073741824 | -15324
00000063 | 15 | 0 | 6ACABD58 | 65536 | 67366 | 1830 | 151 | 13080 | 0 | -25647 | 644245094 | 1073741824 | -15455
